ev_id,Aircraft_Key,regis_no,ntsb_no,acft_missing,far_part,flt_plan_filed,flight_plan_activated,damage,acft_fire,acft_expl,acft_make,acft_model,acft_series,acft_serial_no,cert_max_gr_wt,acft_category,acft_reg_cls,homebuilt,fc_seats,cc_seats,pax_seats,total_seats,num_eng,fixed_retractable,type_last_insp,date_last_insp,afm_hrs_last_insp,afm_hrs,elt_install,elt_oper,elt_aided_loc_ev,elt_type,owner_acft,owner_street,owner_city,owner_state,owner_country,owner_zip,oper_individual_name,oper_name,oper_same,oper_dba,oper_addr_same,oper_street,oper_city,oper_state,oper_country,oper_zip,oper_code,certs_held,oprtng_cert,oper_cert,oper_cert_num,oper_sched,oper_dom_int,oper_pax_cargo,type_fly,second_pilot,dprt_pt_same_ev,dprt_apt_id,dprt_city,dprt_state,dprt_country,dprt_time,dprt_timezn,dest_same_local,dest_apt_id,dest_city,dest_state,dest_country,phase_flt_spec,report_to_icao,evacuation,lchg_date,lchg_userid,afm_hrs_since,rwy_num,rwy_len,rwy_width,site_seeing,air_medical,med_type_flight,acft_year,fuel_on_board,commercial_space_flight,unmanned,ifr_equipped_cert,elt_mounted_aircraft,elt_connected_antenna,elt_manufacturer,elt_model,elt_reason_other
"20260717203416",1,"N987CW","WPR26LA265","N","091","NONE",,"SUBS","NONE","NONE","WILSON CHARLIE H","VANS RV 7A",,"71185",1800,"AIR",,"Y",,,,2,1,"FIXD","ANNL","07/15/26 00:00:00",,748,"Y","Y",,"C91",,"7841 E MARIPOSA DR","SCOTTSDALE","AZ","USA","85251","Y",,,,,"7841 E MARIPOSA DR","SCOTTSDALE","AZ","USA","85251",,"Y",,,,"NSCH","DOM",,"PERS","N",,"51WA","Auburn","WA","USA",1800,,,"S36","Auburn","WA","USA",,,,"07/22/26 13:28:17","stes-i","N","16/3",3288,40,"N","N",,2004,,0,0,0,1,1,"Artex","345",
"20260716203408",1,"N920KB","WPR26LA263","N","091","NONE","N","SUBS","NONE","NONE","SCHLEICHER","ASW-27",,"27123",,"GLI",,"N",,,,1,0,"FIXD",,,,,,,,,,"3525 SCENIC DR","REDDING","CA","USA","96001","Y",,,,,"3525 SCENIC DR","REDDING","CA","USA","96001",,"Y",,,,,,,"GLDT","N","S",,,,,,,,,,,,,,,"07/22/26 15:59:06","bakd","N",,,,"N","N",,1999,,0,0,0,0,0,,,
"20260720203421",1,"N251HF","ERA26LA275","N",,,,,,,"JEREMY PRICE","SMITH SUPER CUB",,,,,,"N",,,,,,"FIXD",,,,,,,,,"HAIDAR AVIATION LLC",,,,,,"N","HAIDAR AVIATION LLC",,,,,,,,,,,,,,,,,,,,,,,,,,,,,,,,,,"07/22/26 18:47:08","coej","N",,,,,,,,,0,0,0,0,0,,,
"20260322202672",1,"HK877","GAA26WA133","N","NUSC",,,"SUBS","NONE","NONE","CESSNA","C180",,"30038",,"AIR",,"N",,,,,1,"FIXD","UNK",,,,,,,,"FOTO RUDOLF S.A.S",,,,"CO",,"N","FOTO RUDOLF S.A.S",,,,,,,"CO",,,"Y",,,,,,,"AOBV","N","L","SKCL","Palmira","OF","CO",2045,,,,,,,,,,"07/22/26 20:33:29","grer","N",,,,"N","N",,,,0,0,0,0,0,,,
"20110104X53752",1,"N9001","ANC11LA007","N","135","CVFR",,"SUBS","NONE","NONE","BEECH","E18S-9700",,"BA-460",10100,"AIR",,"N",,,,10,2,"RETR","100H","09/23/10 00:00:00",,19571,"Y","N","N","C126","AERO EQUIPMENT LLC","PO BOX 874","KENAI","AK","USA","99611-0874","N","AIR SUPPLY ALASKA INC",,"Air Supply Alaska",,,"Kenai","AK","USA","99611","K58C","Y",,,"K58C948K","NSCH","DOM","CARG",,"N",,"PAEN","Kenai","AK","USA",1625,,,"PANW","New Stuyahok","AK","USA",,,,"07/22/26 20:42:25","dobn","Y","32",3281,98,"N","N",,,,0,0,0,0,0,,,
"20260722203441",1,"N2793H","WPR26LA273","N","091",,,,,,"SCHWEIZER","SGS 2-33A",,,,,,"N",,,,,,"FIXD",,,,,,,,,"JOURNEYS AVIATION INC",,,,,,"N","JOURNEYS AVIATION INC",,,,,,,,,,,,,,,,,,,,,,,,,,,,,,,,,,"07/22/26 20:48:28","nixa","N",,,,,,,,,0,0,0,0,0,,,
"20260721203436",1,"N8624B","WPR26LA270","N","091",,,,,,"ENSTROM","F-28F",,,,,,"N",,,,,,"FIXD",,,,,,,,,,,,,,,"N",,,,,,,,,,,,,,,,,,"PERS",,,,,,,,,,,,,,,,,"07/22/26 23:11:07","hicm","N",,,,,,,,,0,0,0,0,0,,,
"20260413202803",1,"N566WN","OPS26LA036A","N","121","IFR","Y",,"NONE","NONE","BOEING","737-7CT",,"32753",,"AIR",,"N",,,,149,2,"RETR","UNK",,,,"Y",,,,"SOUTHWEST AIRLINES CO","2702 LOVE FIELD DR # HDQ-4GC","DALLAS","TX","USA","75235","N","SOUTHWEST AIRLINES CO",,,,"2702 LOVE FIELD DR # HDQ-4GC","DALLAS","TX","USA","75235",,"Y",,,,"SCHD","DOM","PAX","UNK","Y",,"MCO","Orlando","FL","USA",1430,,,"PBI","Palm Beach","FL","USA",,,,"07/23/26 12:47:51","sopb","N",,,,"N","N",,2002,,0,0,1,0,0,,,
"20260413202803",2,"N226WN","OPS26LA036B","N","121","IFR","Y",,"NONE","NONE","BOEING","737-7H4",,"32494",,"AIR",,"N",,,,143,2,"RETR","UNK",,,,"Y",,,,"SOUTHWEST AIRLINES CO","2702 LOVE FIELD DR # HDQ-4GC","DALLAS","TX","USA","75235","N","SOUTHWEST AIRLINES CO",,,,"2702 LOVE FIELD DR # HDQ-4GC","DALLAS","TX","USA","75235",,"Y",,,,"SCHD","DOM","PAX","UNK","Y",,"MCO","Orlando","FL","USA",1436,,,"RSW","Fort Myers","FL","USA",,,,"07/23/26 12:47:51","sopb","N",,,,"N","N",,2005,,0,0,1,0,0,,,
"20260413202803",3,"N887PC","OPS26LA036C","N","091K","IFR","Y",,"NONE","NONE","TEXTRON AVIATION INC","560XL",,"560-6252",,"AIR",,"N",,,,13,2,"RETR","UNK",,,,"Y",,,,"PCJ LLC","770 3RD AVE SW","CARMEL","IN","USA","46032","N","PCJ LLC",,"Jet Linx",,"770 3RD AVE SW","CARMEL","IN","USA","46032",,"Y",,,,"NSCH","DOM","PAX","UNK","Y",,"MLB","Melbourne","FL","USA",1430,,,"IND","Indianapolis ","IN","USA",,,,"07/23/26 12:47:51","sopb","N",,,,"N","N",,2018,,0,0,1,0,0,,,
"20260720203422",1,"N6133M","WPR26LA267","N","091","NONE",,"SUBS","NONE","NONE","RANS","S7",,"0796198",,"AIR",,"N",,,,2,1,"FIXD",,,,,,,,,,,"SHELLEY","ID","USA","83274","Y",,,,,,"SHELLEY","ID","USA","83274",,"Y",,,,,,,"PERS",,"S",,,,,,,,,,,,,,,"07/23/26 16:02:59","stes-i","N",,,,"N","N",,1996,,0,0,0,0,0,,,
"20260710203363",1,"9H-QEU","DCA26FA274","N","NUSC",,,,,,"BOEING","737","8AS",,,,,"N",,,,,,"FIXD",,,,,,,,,"Ryan Air ",,,,,,"N","Malta Air ",,,,,,,,,,,,,,"SCHD",,,,,,,,,,,,,,,,,,,,"07/23/26 16:07:39","brazy","N",,,,,,,,,0,0,0,0,0,,,
"20260616203187",1,"N696DB","ERA26FA239","N","091","NONE","U","SUBS","NONE","NONE","BLESSING","RV-3A",,"11083",1050,"AIR",,"Y",1,0,0,1,1,"FIXD",,,,,"Y","N",,"C91",,"3917 S POLK AVE","LAKELAND","FL","USA","33813","Y",,,,,"3917 S POLK AVE","LAKELAND","FL","USA","33813",,"Y",,,,,,,"PERS","N","U","BOW","Bartow","FL","USA",2355,,,,,,,,,,"07/23/26 18:00:03","diad","N",,,,"N","N",,1996,,0,0,0,1,1,"Emergency Beacon Corp","EBC-302H",
"20260621203203",1,"N328NB","DCA26LA242A","N","121","IFR","Y",,"NONE","NONE","AIRBUS INDUSTRIE","A319-114",,"1520",166448,"AIR",,"N",2,4,132,145,2,"RETR","UNK",,,,"Y","N",,"C126","DELTA AIR LINES INC","1775 M H JACKSON SERVICE RD","ATLANTA","GA","USA","30354","N","DELTA AIR LINES INC",,,,"1775 M H JACKSON SERVICE RD","ATLANTA","GA","USA","30354",,"Y",,,,"SCHD","DOM","PAX",,"Y","S","DFW","Dallas","TX","USA",1224,,,,,,,,,,"07/23/26 18:00:16","weie1","N","33L",10083,150,"N","N",,2001,"3829",0,0,1,1,1,"ELTA","01N65920",
"20260621203203",2,"N316PF","DCA26LA242B","N","121","IFR","Y",,"NONE","NONE","BOEING","737-800",,"31262",174200,"AIR",,"N",3,6,172,175,2,"RETR","COAW","06/20/26 00:00:00",,26898,"Y","N",,"C126","AMERICAN AIRLINES INC","1 SKYVIEW DR","FORT WORTH","TX","USA","76155","N","AMERICAN AIRLINES INC",,,,"1 SKYVIEW DR","FORT WORTH","TX","USA","76155",,"Y",,,,"SCHD","DOM","PAX",,"Y","Y",,,,,,,,"CLT","Charlotte","NC","USA",,,,"07/23/26 18:00:16","weie1","Y",,,,"N","N",,2017,"2835",0,0,1,1,1,"EXAIL ELiTE-S","12N67880",
"20260710203365",1,"N93RT","ERA26FA266","N","091",,,"DEST","GRD","NONE","SIKORSKY","S76","D","761006",,"HELI",,"N",2,,12,14,2,"RETR",,,,,"Y",,,,"WACO OIL & GAS CO INC","1595 US 33","GLENVILLE","WV","USA","26351","N","WACO OIL & GAS CO INC",,,,"1595 US 33","GLENVILLE","WV","USA","26351",,"Y",,,,,,,"POSI","N","S","N/A","Glenville","WV","USA",1110,,,,,,,,,,"07/23/26 18:00:30","diad","N",,,,"N","N",,2012,,0,0,0,0,0,,,
"20260713203373",1,"N43TB","ERA26FA269","N","091","NONE","N","DEST","GRD","NONE","CESSNA","182","J","18257442",,"AIR",,"N",2,0,2,4,1,"FIXD",,,,,,,,,,"3 BEECH ST","VALHALLA","NY","USA","10595","Y",,,,,"3 BEECH ST","VALHALLA","NY","USA","10595",,"Y",,,,,,,"PERS","N","S","POU","Poughkeepsie","NY","USA",2200,,,,,,,,,,"07/23/26 18:00:42","diad","N","22",3016,60,"N","N",,1966,,0,0,0,0,0,,,
"20260714203380",1,"N800AA","ERA26FA271","N","091","NONE","N","DEST","GRD","NONE","SMITH","AEROSTAR 601","P","61P-0336-098",6000,"AIR",,"N",2,,4,6,2,"RETR","ANNL",,,,"Y","N",,,,"368 ALDO DR","TOMS RIVER","NJ","USA","08753","Y",,,,,"368 ALDO DR","TOMS RIVER","NJ","USA","08753",,"Y",,,,,,,"PERS","N",,"SLK","Saranac Lake","NY","USA",235,,,"BLM","Belmar","NJ","USA",,,,"07/23/26 18:00:54","diad","N","23",6573,150,"N","N",,1976,,0,0,1,0,0,,,
"20260715203393",1,"N126GX","WPR26LA258","N","091",,,"SUBS","NONE","NONE","REMOS ACFT GMBH FLUGZEUGBAU","REMOS GX",,"342",1320,"AIR",,"N",,,,2,1,"FIXD","COND","06/29/26 00:00:00",,3948.6001,"Y","Y",,"C126",,"7958 W QUAIL TRACK DR","PEORIA","AZ","USA","85383","Y",,,"Fly Eagle Sport",,"7958 W QUAIL TRACK DR","PEORIA","AZ","USA","85383",,"Y",,,,,,,"INST","Y","L",,,,,,,,,,,,,,,"07/23/26 18:01:04","stes-i","N","01",7150,100,"N","N",,2009,"8",0,0,0,1,1,"Artex","ME406",
"20260721203428",1,"N224RH","CEN26LA260","N","137","NONE",,"SUBS","NONE","NONE","ROBINSON HELICOPTER","R44",,"30080",,"HELI",,"N",,,,4,1,"FIXD",,,,,,,,,"ROBINSON HELICOPTER CO","2901 AIRPORT DR","TORRANCE","CA","USA","90505","N","Cedar Ridge Aviation",,,,"PO Box 37","Knox City","TN","USA","79529",,"Y",,,,,,,"AAPL","N","U",,,,,,,,,,,,,,,"07/23/26 19:04:46","kaij","N",,,,"N","N",,2021,,0,0,0,0,0,,,
"20260721203429",1,"N1470G","CEN26LA261","N","091",,,"SUBS","NONE","NONE","BEECH","35-B33",,"CD-465",,"AIR",,"N",,,,4,1,"RETR",,,,,,,,,,"8673 STAGECOACH RD","SHIPMAN","IL","USA","62685","Y",,,,,"12498 Prairie Dell Road","Shipman","IL","USA",,,"Y",,,,,,,"PERS","N","U",,,,,,,,,,,,,,,"07/23/26 19:08:31","kaij","N","11/2",8099,150,"N","N",,,,0,0,0,0,0,,,
"20260721203435",1,"N297CA","CEN26LA264","N","137","NONE",,"SUBS","NONE","NONE","BELL","206B",,"1453",,"HELI",,"N",,,,5,1,"FIXD",,,,,,,,,"HELICOPTER SERVICES OF ILLINOIS LLC","527 COUNTY ROAD 3000 N","FISHER","IL","USA","61843","N","HELICOPTER SERVICES OF ILLINOIS LLC",,,,"527 COUNTY ROAD 3000 N","FISHER","IL","USA","61843",,"Y",,,,,,,"AAPL","N","U",,,,,,,,,,,,,,,"07/23/26 19:09:54","kaij","N",,,,"N","N",,1974,,0,0,0,0,0,,,
"20260723203447",1,"HB-YSI","GAA26WA257","N",,,,,,,"VANS","RV14",,,,,,"N",,,,,,"FIXD",,,,,,,,,,,,,,,"N",,,,,,,,,,,,,,,,,,,,,,,,,,,,,,,,,,,"07/23/26 19:10:12","tora-c","N",,,,,,,,,0,0,0,0,0,,,
"20260723203448",1,"YV2134","GAA26WA258","N","NUSN",,,,,,"CESSNA","335",,,,,,"N",,,,,,"FIXD",,,,,,,,,,,,,,,"N",,,,,,,,,,,,,,,,,,,,,,,,,,,,,,,,,,,"07/23/26 23:45:59","schl","N",,,,,,,,,0,0,0,0,0,,,
"20231017193250",1,"T7-HZM","GAA24WA010","N","NUSN",,,"DEST","NONE","NONE","BELL","206","B","4587",,"HELI",,"N",,,,,1,"FIXD",,,,,,,,,,,,,,,"N",,,,,,,,,,,"Y",,,,,,,,,,,,,,,,,,,,,,,,"07/23/26 23:51:47","schl","N",,,,,,,,,0,0,0,0,0,,,
"20260723203450",1,"PT-ODR","GAA26WA259","N","UNK",,,"SUBS","NONE","NONE","PIPER","PA31T",,,,"AIR",,"N",,,,,,"FIXD",,,,,,,,,,,"Navegantes,","OF","BR",,"N",,,,,,,,"BR",,,,,,,,,,,,,,,,,,,,,,,,,,,"07/24/26 00:05:20","cawj","N",,,,,,,,,0,0,0,0,0,,,
"20230112106567",1,"PT-BKX","GAA23WA055","N","NUSC",,,"SUBS","UNK","UNK","CESSNA","188",,,,"AIR",,"N",,,,,,"FIXD",,,,,,,,,"AEROMART AVIAÇÃO AGRÍCOLA LTDA",,,,"BR",,"N","AEROMART AVIAÇÃO AGRÍCOLA LTDA",,,,,,,"BR",,,,,,,,,,"AAPL",,"L",,,,,,,,,,,,,,,"07/24/26 00:06:02","schl","N",,,,"N","N",,,,0,0,0,0,0,,,
"20250826200868",1,"I-E607","GAA25WA244","N","NUSN",,,"DEST","GRD","NONE","ProMecc Aerosapce","Freccia FG",,,,"AIR",,"N",,,,,,"FIXD",,,,,,,,,,,,,"IT",,"N",,,,,,,,"IT",,,,,,,,,,,,,,,,,,,,,,,,,,,"07/24/26 00:06:57","schl","N",,,,,,,,,0,0,0,0,0,,,
"20251031201940",1,"JA4046","GAA25WA277","N","NUSN",,,"SUBS","NONE","NONE","PIPER","PA46",,,,"AIR",,"N",,,,,,"FIXD",,,,,,,,,,,,,"JP",,"N",,,,,,,,"JP",,,,,,,,,,,,,,,,,,,,,,,,,,,"07/24/26 00:07:25","schl","N",,,,,,,,,0,0,0,0,0,,,
"20251204202103",1,"C-GFYW","GAA26WA037","N","NUSN","NONE",,"DEST","UNK","UNK","CESSNA","172","M",,,"AIR",,"N",,,,,,"FIXD",,,,,,,,,"Sealand Flight Ltd.",,,,"CA",,"N","Sealand Flight Ltd. ",,,,,,,"CA",,,,,,,,,,"PERS",,"S",,,,,,,,,,,,,,,"07/24/26 00:08:09","schl","N",,,,,,,,,0,0,0,0,0,,,
"20260609203152",1,"PS-VES","GAA26WA214","N","NUSN",,,"MINR","NONE","NONE","BEECH","200",,,,"AIR",,"N",,,,,,"FIXD",,,,,,,,,,,,,"BR",,"N",,,,,,,,"BR",,,,,,,,,,,,,,,,,,,,,,,,,,,"07/24/26 00:08:38","schl","N",,,,,,,,,0,0,0,0,0,,,
"20260614203172",1,"PP-MAC","GAA26WA216A","N","NUSN",,,"DEST","UNKT","UNK","BELL","206","B","4521",,"HELI",,"N",,,,,,"FIXD",,,,,,,,,,,,,"BR",,"N",,,,,,,,"BR",,,"Y",,,,,,,,,,,,,,,,,,,,,,,,"07/24/26 00:12:44","schl","N",,,,,,,,,0,0,0,0,0,,,
"20260614203172",2,"PR-DJJ","GAA26WA216B","N","NUSN",,,"DEST","UNKT","UNK","EUROCOPTER","AS350","B2","7437",,"HELI",,"N",,,,,,"FIXD",,,,,,,,,,,,,"BR",,"N",,,,,,,,"BR",,,"Y",,,,,,,,,,,,,,,,,,,,,,,,"07/24/26 00:12:44","schl","N",,,,,,,,,0,0,0,0,0,,,
"20260330202713",1,"N271BC","GAA26WA141","N","135",,,,"NONE","NONE","EMBRAER","EMB-145XR","XR","145660",,"AIR",,"N",,,,55,2,"FIXD",,,,,,,,,"IBC AIRWAYS INC","610 SW 34TH ST","FORT LAUDERDALE","FL","USA","33315","N","IBC AIRWAYS INC",,,,"610 SW 34TH ST","FORT LAUDERDALE","FL","USA","33315",,,,,,"SCHD",,"PAX",,,,,,,,,,,,,,,,,,"07/24/26 00:13:23","schl","N",,,,"N","N",,2002,,0,0,0,0,0,,,
"20251212202148",1,"CP-2959","GAA26WA047","N","NUSN",,,"SUBS","NONE","NONE","CESSNA","172","I",,,"AIR",,"N",,,,,,"FIXD",,,,,,,,,,,,,"BO",,"N",,,,,,,,"BO",,,,,,,,,,,,"Y",,,,,,,,,"Santa ana de yacuma",,"BO",,,,"07/24/26 00:13:45","schl","N",,,,,,,,,0,0,0,0,0,,,
"20241003195255",1,"PP-JON","GAA24WA303","N","NUSN",,,"SUBS","UNK","UNK","CESSNA","T182",,,,"AIR",,"N",,,,,,"FIXD",,,,,,,,,,,,,,,"N",,,,,,,,,,,,,,,,,,,,,,,,,,,,,,,,,,,"07/24/26 00:14:46","schl","N",,,,,,,,,0,0,0,0,0,,,
"20260714203383",1,"N141CG","CEN26LA250","N","091",,,,,,"GARZA CHARLES FRANK","GLASAIR I RG",,,,,,"N",,,,,,"FIXD",,,,,,,,,,,,,,,"N",,,,,,,,,,,,,,,,,,"PERS",,,,,,,,,,,,,,,,,"07/24/26 14:27:16","brajo","N",,,,,,,,,0,0,0,0,0,,,
"20260721203440",1,"N454MD","CEN26LA265","N",,,,,,,"PIPER","PA-28-180",,,,,,"N",,,,,,"FIXD",,,,,,,,,"ANDERSON THOMAS",,,,,,"N","ANDERSON THOMAS",,,,,,,,,,,,,,,,,,,,,,,,,,,,,,,,,,"07/24/26 16:09:28","kaij","N",,,,,,,,,0,0,0,0,0,,,
"20260529203075",1,"N4556Q","CEN26LA202","N","091","NONE","N","SUBS","NONE","NONE","PIPER","PA-32R-300",,"32R-7780333",3600,"AIR",,"N",2,,4,6,1,"RETR","ANNL","01/16/26 00:00:00",,4439,"Y","Y","N","C126","Chief Aviation Services LLC",,"Shreveport","LA","USA","71107","Y",,,,,,"Frierson","LA","USA","71027",,"Y",,,,,,,"BUS","N",,"MKN","Comanche","TX","USA",2340,,,"E35","Fabens","TX","USA",,,,"07/24/26 18:00:09","kaij","Y","17",4497,75,"N","N",,1977,"94",0,0,0,1,1,"ACK","E-04",
"20260622203216",1,"N7270H","ERA26LA244","N","091","NONE",,"SUBS","NONE","NONE","CESSNA","182S",,"18280481",3100,"AIR",,"N",2,0,2,4,1,"FIXD","100H","06/11/26 00:00:00",7,4944.6001,"Y",,,"C126","Sundowners Inc.",,"Fort Myers","FL","USA","33907","N","Sundowners Inc.",,,,,"Fort Myers","FL","USA","33907",,"Y",,,,,,,"PERS",,,"FA37","Naples","FL","USA",1830,,,"MTH","Marathon","FL","USA",,,,"07/24/26 18:00:12","diad","N","18",4400,100,"N","N",,1999,"49",0,0,1,1,1,"ACK Technologies","E-04 ELT SN 025336",
"20260624203236",1,"N499CA","ERA26LA246","N","135","IFR","Y","SUBS","NONE","NONE","CESSNA","402","C","402C1006",7210,"AIR",,"N",1,,9,10,2,"RETR","AAIP","05/26/26 00:00:00",,28835,"Y","N",,"C91A","HYANNIS AIR SERVICE INC","660 BARNSTABLE RD","HYANNIS","MA","USA","02601","N","HYANNIS AIR SERVICE INC",,"Cape Air",,"660 BARNSTABLE RD","HYANNIS","MA","USA","02601","HYIA","Y",,,"HYIA145B","SCHD","DOM","PAX",,"Y","S","BOS","Boston","MA","USA",1140,,,,,,,,,,"07/24/26 18:00:13","diad","Y","07",3502,100,"N","N",,1985,"83",0,0,1,1,1,"Artex","110-4",
"20260708203355",1,"N45886","WPR26LA251","N","091","NONE",,"SUBS","NONE","NONE","LUSCOMBE","8A",,"2413",1260,"AIR",,"N",1,0,1,2,1,"FIXD","ANNL","01/20/26 00:00:00",48,3872,"Y","N",,"C91A",,"21870 8TH ST E # C-4","SONOMA","CA","USA","95476","Y",,,,,"21870 8TH ST E # C-4","SONOMA","CA","USA","95476",,"Y",,,,,,,"PERS","N","S","DVO","Novato","CA","USA",1855,,,,,,,,,,"07/24/26 18:00:16","cawj","Y","13",3303,75,"N","N",,1946,"10.5",0,0,0,1,1,"Ameri-King IM-450","485127",
"20260528203066",1,"HP-1861FX","GAA26WA201","N","NUSN",,"U","SUBS","NONE","NONE","PIPER","PA28",,"28-7625197",,"AIR",,"N",,,,2,1,"FIXD",,,,,,,,,,,,,"PA",,"N",,,,,,,,"PA",,,,,,,,,,,,"U",,,,,,,,,,,,,,,"07/27/26 11:51:08","linj-i","N",,,,,,,,,0,0,0,0,0,,,
"20260721203433",1,"HK-4368","GAA26WA255","N","NUSN",,,"SUBS","NONE","NONE","CESSNA","TU206","F",,,"AIR",,"N",,,,,,"FIXD",,,,,,,,,,,,,"CO",,"Y",,,,,,,,"CO",,,,,,,,,,"UNK","N",,,,,,,,,,,,,,,,"07/27/26 12:37:24","aguj","N",,,,"N","N",,,,0,0,0,0,0,,,
"20260724203453",1,"N709KA","WPR26LA274","N","135",,,,,,"DEHAVILLAND","DHC-3",,,,,,"N",,,,,,"FIXD",,,,,,,,,"KENMORE AIR HARBOR LLC",,,,,,"N","KENMORE AIR HARBOR LLC",,,,,,,,,,,,,,,,,,,,,,,,,,,,,,,,,,"07/27/26 13:20:43","jacky","N",,,,,,,,,0,0,0,0,0,,,
"20260609203151",1,"N4990X","CEN26LA221","N","137",,,"SUBS","NONE","NONE","ROCKWELL INTERNATIONAL","S-2R",,"5035R",,"AIR",,"N",,,,1,1,"FIXD",,,,,,,,,"SIMPSON DON DBA","5344 FM 50","BRYAN","TX","USA","77807","Y",,,,,"5344 FM 50","BRYAN","TX","USA","77807",,"Y",,,,,,,,,"L",,"Bryan","TX","USA",,,,,,,,,,,"07/27/26 14:46:57","saua","N",,,,,,,1975,,0,0,0,0,0,,,
"20260716203406",1,"N322TC","CEN26LA256","N","137","NONE","N","SUBS","NONE","NONE","ROBINSON HELICOPTER COMPANY","R44 II",,"10661",,"HELI",,"N",1,,1,4,1,"FIXD",,,,,,,,,"D&P LLC","5 CIARDELLI XING","MILFORD","NH","USA","03055","N","D&P LLC",,,,"5 CIARDELLI XING","MILFORD","NH","USA","03055",,"Y",,,,,,,"AAPL","N","L",,,,,,,,,,,,,,,"07/27/26 14:47:19","hodm","N",,,,"N","N",,2005,,0,0,0,0,0,,,
"20260727203457",1,"ZS-HFR","GAA26WA263","N",,,,,,,"BELL","206",,,,,,"N",,,,,,"FIXD",,,,,,,,,,,,,,,"N",,,,,,,,,,,,,,,,,,,,,,,,,,,,,,,,,,,"07/27/26 17:14:04","masc","N",,,,,,,,,0,0,0,0,0,,,
"20260727203455",1,"D-EJCP","GAA26WA261","N","NUSN","NONE",,"DEST","GRD","UNK","CESSNA","152",,,,"AIR",,"N",,,,,1,"FIXD",,,,,,,,,,,,,"DE",,"N",,,,,,,,"DE",,,,,,,,,,"PERS","N","S",,,,,,,,,,,,,,,"07/27/26 19:55:24","linj-i","N",,,,"N","N",,,,0,0,0,0,0,,,
"20260727203456",1,"N42SK","WPR26LA275","N","091",,,,,,"MCLAGAN WILLIAM","SKEETER2",,,,,,"N",,,,,,"FIXD",,,,,,,,,"KOBAYASHI FUMIAKI",,,,,,"N","KOBAYASHI FUMIAKI",,,,,,,,,,,,,,,,,"PERS",,,,,,,,,,,,,,,,,"07/27/26 20:00:48","cort","N",,,,,,,,,0,0,0,0,0,,,
"20260720203424",1,"N54AH","ANC26LA073","N","091",,,"SUBS","NONE","NONE","AVIAT AIRCRAFT INC","A-1C-200",,"3344",,"AIR",,"N",1,,1,2,1,"FIXD",,,,,,,,,"D & L Leasing Montana LLC",,"Kalispell","MT","USA","59901","Y",,,,,,"Kalispell","MT","USA","59901",,"Y",,,,,,,"PERS","N","S",,,,,,,,,,,,,,,"07/27/26 20:01:29","johc","N","32",8000,150,"N","N",,2020,,0,0,0,0,0,,,
"20260720203425",1,"N9398V","ANC26LA074","N","091","NONE","N","SUBS","NONE","NONE","MOONEY","M20E",,"700019",2575,"AIR",,"N",2,,2,4,1,"RETR","ANNL","07/02/26 00:00:00",6,4292.7002,"Y","Y","N","C91",,,"CASTLE ROCK","CO","USA","80108","Y",,,,,,"AURORA","CO","USA","80012",,"Y",,,,,,,"PERS","N","S","KFMM","FORT MORGAN","CO","USA",1730,,,,,,,,,,"07/27/26 20:02:33","johc","N","28",4800,75,"N","N",,1969,"54",0,0,0,1,1,"MERL INC","NARCO ELT 10",
"20260617203192",1,"N5081Z","ERA26LA240","N","091","NONE","N","SUBS","NONE","NONE","PIPER","PA-22-108",,"22-8712",,"AIR",,"N",,,,2,1,"FIXD",,,,,"Y",,,,,,"WESTMINSTER","MD","USA","21157","Y",,,,,,"WESTMINSTER","MD","USA","21157",,"Y",,,,,,,"PERS","N","S",,,,,,,,,,,,,,,"07/27/26 20:43:16","schl","N",,,,"N","N",,1961,,0,0,0,0,0,,,
"20260727203462",1,"N3462E","ERA26LA281","N","091",,,,,,"CESSNA","172N",,,,,,"N",,,,,,"FIXD",,,,,,,,,"NC86 Flying Club Inc.",,,,,,"N",,,,,,,,,,,,,,,,,,"PERS",,,,,,,,,,,,,,,,,"07/27/26 21:19:43","gald","N",,,,,,,,,0,0,0,0,0,,,
"20260721203431",1,"N933A","CEN26LA262","N","091",,,"SUBS","NONE","NONE","BEECH","F33A",,"CE1568",,"AIR",,"N",,,,5,1,"FIXD",,,,,,,,,"RAH AVIATION INC","12782 YACHT CLUB CIR","FORT MYERS","FL","USA","33919","Y",,,,,,,,"USA",,,"Y",,,,,,,"PERS",,"S","MGC","Michigan City","IN","USA",1452,,,,,,,,,,"07/28/26 12:43:34","saua","N",,,,"N","N",,1991,,0,0,0,0,0,,,
"20260715203401",1,"N773WA","CEN26LA255","N","091",,,,,,"PIPER","PA 46-350P",,,,,,"N",,,,,,"FIXD",,,,,,,,,"EQUIPMENT ASSET MANAGEMENT CORP",,,,,,"N",,,,,,,,,,,,,,,,,,,,,,,,,,,,,,,,,,,"07/28/26 13:53:08","rutb","N",,,,,,,,,0,0,0,0,0,,,
"20260727203464",1,"N7799V","CEN26LA269","N","137",,,,,,"AERO COMMANDER","CALLAIR A-9B",,,,,,"N",,,,,,"FIXD",,,,,,,,,"CB AERIAL APPLICATION LLC",,,,,,"N","CB AERIAL APPLICATION LLC",,,,,,,,,,,,,,,,,"AAPL",,,,,,,,,,,,,,,,,"07/28/26 15:08:29","sort","N",,,,,,,,,0,0,0,0,0,,,
"20260728203471",1,"N3707Q","CEN26LA271","N","091",,,,,,"BEECH","V35",,,,,,"N",,,,,,"FIXD",,,,,,,,,"TROUTMAN SHAUN",,,,,,"N",,,,,,,,,,,,,,,,,,,,,,,,,,,,,,,,,,,"07/28/26 15:22:22","aguj","N",,,,,,,,,0,0,0,0,0,,,
"20260728203470",1,"N5002P","WPR26LA279","N","091",,,,,,"PIPER","PA-24",,,,,,"N",,,,,,"FIXD",,,,,,,,,,,,,,,"N",,,,,,,,,,,,,,,,,,,,,,,,,,,,,,,,,,,"07/28/26 16:35:29","nixa","N",,,,,,,,,0,0,0,0,0,,,
"20260630203293",1,"N602RF","ANC26LA066","N","091","NONE","N","SUBS","NONE","NONE","DIAMOND AIRCRAFT IND INC","DA 40 NG",,"40.NC143",2888,"AIR",,"N",2,,2,4,1,"FIXD","100H","02/20/26 00:00:00",2.9000001,961.70001,"Y",,,"C126","RVA FLYBOYS LLC",,"GLEN ALLEN","VA","USA","23059","N","RVA FLYBOYS LLC",,"RVA Flyers",,,"GLEN ALLEN","VA","USA","23059",,"Y",,,,,,,"INST","Y",,"RIC","Richmond","VA","USA",2223,,,"RIC","Richmond","VA","USA",,,,"07/28/26 18:00:02","rasm","N","05",5002,100,"N","N",,2021,"20",0,0,1,1,1,"ACR Electronics","452-6499",
"20260710203364",1,"N202DK","WPR26FA254","N","091","NONE",,"DEST","NONE","NONE","BEECH","95-B55 (T42A)",,"TC2152",,"AIR",,"N",2,,4,6,2,"RETR","ANNL","01/05/26 00:00:00",,3207.6001,"Y",,,"C91","AUTO KEY MASTERS AND LOCKSMITH LLC",,"WATTS","OK","USA","74964","N","AUTO KEY MASTERS AND LOCKSMITH LLC",,,,,"WATTS","OK","USA","74964",,"Y",,,,,,,"PERS","Y",,"ALN","St Louis","IL","USA",326,,,"SLG","Siloam Springs","AR","USA",,,,"07/28/26 18:00:06","cawj","N",,,,"N","N",,1978,,0,0,0,0,0,"Ameri-King Corp","AK-450",
"20260713203376",1,"N55FD","ERA26FA270","N","091",,"U","DEST","GRD","NONE","BEECH","95-B55 (T42A)",,"TC-1857",5100,"AIR",,"N",2,0,2,4,2,"RETR",,,,,"Y","N",,"UNK",,"PO BOX 16176","FERNANDINA BEACH","FL","USA","32035","Y",,,,,"632 W OCEAN VIEW AVE APT C","Norfolk","VA","USA","23503",,"Y",,,,,,,"PERS","N","U","MHP","Metter","GA","USA",1512,,,,,,,,,,"07/28/26 18:00:08","diad","N",,,,"N","N",,1975,,0,0,1,0,0,"Undetermined","Undetermined",
"20260708203345",1,"SE-EOT","GAA26WA247","N","NUSN",,,"SUBS","NONE","NONE","PIPER","PA28","180","28-2461",,"AIR",,"N",,,,,,"RETR",,,,,,,,,,,,,"PL",,"N",,,,,,,,"PL",,,,,,,,,,,,,,,,,,,,,,,,,,,"07/27/26 11:50:57","linj-i","N",,,,,,,,,0,0,0,0,0,,,
"20260708203349",1,"None","CEN26LA245","N","137","NONE","N","MINR","NONE","NONE","XAG","P150 MAX",,"186325P18227551MS810",300,"PLFT",,"N",,,,0,4,"FIXD","COND","04/06/26 00:00:00",,30,"N",,,,"VOLO LLC",,"West Lafayette","IN","USA",,"N","VOLO LLC",,,,,"West Lafayette","IN","USA",,"4Z9G","Y",,,"4Z9G647T",,,,"AAPL","N","L",,,,,,,,,,,,,,,"07/23/26 18:50:22","aguj","N",,,,"N","N",,2026,,0,1,0,0,0,,,
"20260707203330",1,"N8394D","ERA26LA262","N","091","NONE","U","SUBS","GRD","NONE","PIPER","PA-28-161","NO SERIES","28-8116238",2440,"AIR",,"N",2,0,2,4,1,"FIXD","100H","06/01/26 00:00:00",,10039.2,"Y",,,,"TRIDENT AIRCRAFT INC","9475 JET LN","EASTON","MD","USA","21601","N","Harry Pray Aviation",,,,"9220 Joe Marsh Lane","EASTON","MD","USA","21601",,"Y",,,,,,,"INST",,"S",,,,,,,,,,,,,,,"07/23/26 18:48:24","waid","N",,,,"N","N",,1981,,0,0,0,0,0,,,
"20260707203340",1,"N927MD","WPR26LA248","N","091",,,"SUBS","NONE","NONE","DEAN J IRVIN","KFA SAFARI XL",,"092-07-24",,"AIR",,"N",,,,2,1,"FIXD",,,,,,,,,"IRVIN DEAN","6122 S DESERTS EDGE DR","ST GEORGE","UT","USA","84790","Y",,,,,"6122 S DESERTS EDGE DR","ST GEORGE","UT","USA","84790",,"Y",,,,"NSCH",,,"PERS",,"S","SGU","St. George","UT","USA",1520,,,,,,,,,,"07/23/26 17:01:27","stes-i","N",,,,"N","N",,2024,,0,0,0,0,0,,,
"20260706203325",1,"PR-RRC","GAA26WA241","N","NUSN",,,"DEST","UNK","UNK","CIRRUS","SR22",,"1861",,"AIR",,"N",2,,2,4,1,"FIXD","UNK",,,,,,,,"R&F PARTICIPAÇÕES LTDA",,,,"BR",,"N","R&F PARTICIPAÇÕES LTDA",,,,,,,"BR",,,,,,,,,,"PERS","N","Y",,,,,,,,"SBNV","Goiania","OF","BR",,,,"07/22/26 17:24:15","diad","N",,,,"N","N",,,,0,0,1,0,0,,,
"20260728203473",1,"G-BCGJ","GAA26WA264","N","NUSN",,,"MINR","NONE","NONE","PIPER","PA28","140",,,"AIR",,"N",,,,,,"FIXD",,,,,,,,,,,,,"GB",,"N",,,,,,,,"GB",,,,,,,,,,,,,,,,,,,,,,,,,,,"07/28/26 18:41:41","hodm","N",,,,,,,,,0,0,0,0,0,,,
"20260715203395",1,"N382DN","DCA26LA282","N","121","IFR","Y","SUBS","NONE","NONE","AIRBUS","A321-211",,"8854",197093,"AIR",,"N",4,4,191,199,2,"RETR","COAW","07/13/26 00:00:00",,21699,"Y","N",,"C126","DELTA AIR LINES INC","1775 MH JACKSON SERVICE RD","ATLANTA","GA","USA","30354","N","DELTA AIR LINES INC",,,,"1775 MH JACKSON SERVICE RD","ATLANTA","GA","USA","30354",,"Y",,,,"SCHD","DOM","PAX",,"Y","S",,"Fort Lauderdale","FL","USA",1450,,,,,,,,,,"07/28/26 18:59:53","band","N","04/2",7002,150,"N","N",,2019,,0,0,1,1,1,"ELTA","01N65920",
"20260728203475",1,"PT-HFS","GAA26WA265","N",,,,,,,"ROBINSON","R44",,,,,,"N",,,,,,"FIXD",,,,,,,,,,,,,,,"N",,,,,,,,,,,,,,,,,,,,,,,,,,,,,,,,,,,"07/28/26 19:12:10","masc","N",,,,,,,,,0,0,0,0,0,,,
"20260727203460",1,"N345PR","WPR26LA278","N","091",,,"SUBS","NONE","NONE","NEUBERG BILL","GLASTAR",,"5724",,"AIR",,"Y",,,,1,1,"FIXD",,,,,,,,,,"652 PRIVATE ROAD 7005","EDGEWOOD","TX","USA","75117","Y",,,,,"652 PRIVATE ROAD 7005","EDGEWOOD","TX","USA","75117",,"Y",,,,,,,"PERS","N","S","PSO","Pagosa Springs","CO","USA",,,,,,,,,,,"07/28/26 19:22:50","stes-i","N","17",3230,50,"N","N",,,,0,0,0,0,0,,,
"20260706203316",1,"N9103E","ERA26LA259","N","091","NONE","N","SUBS","NONE","NONE","MAULE","M-5-235C",,"7099C",2500,"AIR",,"N",0,0,1,2,1,"FIXD","ANNL","05/18/26 00:00:00",,2523,"Y","Y","N",,,"131 PARKER LN","HICKMAN","KY","USA","42050","Y",,,,,"131 PARKER LN","HICKMAN","KY","USA","42050",,"Y",,,,,,,"PERS","N","S",,,,,,,,,,,,,,,"07/29/26 12:34:35","ramh","N",,1500,80,"N","N",,1977,"35",0,0,0,1,0,,,
"20260728203468",1,"N6132L","ERA26LA283","N","091",,,,,,"AMERICAN","AA-1",,,,,,"N",,,,,,"FIXD",,,,,,,,,,,,,,,"N",,,,,,,,,,,,,,,,,,,,,,,,,,,,,,,,,,,"07/29/26 12:36:53","ramh","N",,,,,,,,,0,0,0,0,0,,,
"20260727203459",1,"N2193X","WPR26LA277","N","137",,,"SUBS","NONE","NONE","BELL","206B",,"3506",,"HELI",,"N",,,,5,1,"FIXD",,,,,,,,,"INDUSTRIAL HELICOPTERS LLC",,"LAFAYETTE","LA","USA","70596","N","INDUSTRIAL HELICOPTERS LLC",,,,,"LAFAYETTE","LA","USA","70596",,"Y",,,,,,,"AAPL","N","U",,,,,,,,,,,,,,,"07/29/26 13:34:00","slis","N",,,,"N","N",,,,0,0,0,0,0,,,
"20140909X92814",1,"N3097F","WPR14LA371","N","137","NONE",,"SUBS","NONE","NONE","AYRES CORPORATION","S2R T34","T34","T34-114DC",,"AIR",,"N",,,,1,1,"FIXD","UNK",,,,,,,,"FARM AG ENTERPRISES LLC",,"BUCKEYE","AZ","USA","853260033","N","FARM AG ENTERPRISES LLC",,,,,"BUCKEYE","AZ","USA","853260033",,"Y",,,,,,,"AAPL","N",,,"Buckeye","AZ","USA",1700,,,,"Buckeye","AZ","USA",,,,"07/29/26 15:47:51","dobn","N",,,,"N","N",,1989,,0,0,0,0,0,,,
"20260429202907",1,"5Y-NOK","GAA26WA178","N","UNK",,,"DEST","UNK","UNK","CESSNA","208",,,,"AIR",,"N",,,,,,"FIXD",,,,,,,,,,,,,"SD",,"N",,,,,,,,"SD",,,,,,,,,,,,,,,,,,,,,,,,,,,"07/29/26 15:48:19","salf","N",,,,,,,,,0,0,0,0,0,,,
"20260520203025",1,"VH-LPW","GAA26WA195","N","UNK",,,"UNK","UNK","UNK","PIPER","PA32R","301",,,"AIR",,"N",,,,,,"FIXD",,,,,,,,,,,,,"AU",,"N",,,,,,,,"AU",,,,,,,,,,,,,,,,,,,,,,,,,,,"07/29/26 15:49:17","salf","N",,,,,,,,,0,0,0,0,0,,,
"20260629203276",1,"C-FNRP","GAA26WA233","N","NUSC",,,"DEST","UNK","UNK","ROCKWELL","690","C",,,"AIR",,"N",,,,,,"FIXD",,,,,,,,,"Buffalo Airways",,"Yellow Knife",,"CA",,"N",,,,,,,,"CA",,,,,,,,,,,,,,,,,,,,,,,,,,,"07/29/26 15:49:44","salf","N",,,,,,,,,0,0,0,0,0,,,
"20170724X61747",1,"N4216D","CEN17LA282","N","091","NONE",,"SUBS","NONE","NONE","BEECH","G35","NO SERIES","D-4414",2550,"AIR",,"N",2,,2,4,1,"RETR","ANNL","06/03/16 00:00:00",,3888,"Y","Y","N","C91",,"2925 Southwest Pkwy","Iowa Park","TX","USA","76367","Y",,,,,"2925 Southwest Pkwy","Iowa Park","TX","USA","76367",,"Y",,,,,,,"PERS","N",,"GPM ","Grand Prairie","TX","USA",230,,,"F14 ","Wichita Falls","TX","USA",,,,"07/29/26 15:57:36","dobn","N","13",3320,40,"N","N",,1956,"46",0,0,1,1,1,"EBC","502",
"20081004X12058",1,"UNREG","CHI08CA290","N","091","NONE","N","SUBS","NONE","NONE","Unknown","Supercat",,"None",650,"AIR",,"Y",1,,,1,1,"FIXD","UNK",,,,,,,,,"1319 S. Middleton","Eagle Grove","IA","USA","50533","Y",,,,,"1319 S. Middleton","Eagle Grove","IA","USA","50533",,"Y",,,,,,,"PERS","N",,,"St. Joseph","MO","USA",1900,,,"EAG ","Eagle Grove","IA","USA",,,,"07/29/26 16:50:28","dobn","N",,,,"N","N",,,,0,0,0,0,0,,,
"20260715203402",1,"N11647","ANC26LA071","N","091",,,,,,"BELLANCA","7GCBC",,,,,,"N",,,,,,"FIXD",,,,,,,,,,,,,,,"N",,,,,,,,,,,,,,,,,,"PERS",,,,,,,,,,,,,,,,,"07/29/26 17:12:48","warm","N",,,,,,,,,0,0,0,0,0,,,
"20080226X00236",1,"N902SF","LAX08CA054","N","137","NONE",,"SUBS","NONE",,"Bell","OH-58A",,"70-15406",,"HELI",,"N",,,,,1,"FIXD","COAW","01/01/08 00:00:00",,6472.1001,,,,,"Farm Aviation Inc.",,"Brawley","CA","USA","92227","N","FARM AVIATION INC                                 ",,,,,,,,,"WRCG",,,,,,,,"AAPL","N",,"BWC ","Brawley","CA","USA",2000,,,"BWC ",,,,,,,"07/29/26 17:48:33","dobn","N",,,,"N","N",,,,0,0,0,0,0,,,
"20080904X01380",1,"N3624E","MIA08CA145","N","091","NONE","N","SUBS","NONE","NONE","Aeronca","7AC",,"7AC-6952",1250,"AIR",,"N",,,,2,1,"FIXD","ANNL","04/01/08 00:00:00",25,2200,"Y","Y","N",,"Joel Kiffen Jones",,"Summer Shade","KY","USA","42166","N",,,,,,,,,,,"Y",,,,,,,"OWRK","N",,"NONE","Greensburg","KY","USA",1750,,,"NONE",,,,,,,"07/29/26 17:56:20","dobn","N",,,,"Y","N",,,,0,0,0,0,0,,,
"20240430194178",1,"N6271F","CEN24FA170","N","091","NONE",,"SUBS","NONE","NONE","ZENITH","CH601","HDS","6-3234",1200,"AIR",,"Y",,,,2,1,"FIXD","COND","08/04/23 00:00:00",,1712.4,"Y","N",,"C91","RIDENOUR WENDELL R","23388 COUNTY ROAD 106","ELKHART","IN","USA","46514","Y",,,,,"23388 COUNTY ROAD 106","ELKHART","IN","USA","46514",,"Y",,,,,,,"PERS","Y",,"OEB","Coldwater","MI","USA",1739,,,"EKM","Elkhart","IN","USA",,,,"07/29/26 18:00:02","coln","N","27",6500,120,"N","N",,1997,,0,0,0,0,0,"ASK Technologies","E-01",
"20240515194259",1,"UNREG","WPR24FA150","N","091","NONE","N","SUBS","NONE","NONE","PIPER","PA-18-150",,"18-7409083",,"AIR",,"N",1,,1,2,1,"FIXD","ANNL","02/04/22 00:00:00",1036.39,2139.0901,"Y","N",,"UNK",,,"Miles City","MT","USA","59301","Y",,,,,,"Miles City","MT","USA","59301",,"Y",,,,,,,"OWRK","Y","L",,"Miles City","MT","USA",,,,,,,,,,,"07/29/26 18:00:06","salf","Y",,,,"N","N",,,,0,0,0,1,1,"Emergency Beacon Corporation","EBC-102A",
"20240705194615",1,"N51017","CEN24FA248","N","091","NONE","N","DEST","GRD","UNK","ROTORWAY","Scorpion 133",,"F883417",1250,"HELI",,"Y",1,,1,2,1,"FIXD","UNK",,,,"N",,,,,"26801 W 45TH ST N","Andale","KS","USA","67001","Y",,,,,"26801 W 45TH ST N","Andale","KS","USA","67001",,"Y",,,,,,,"PERS","N","L","pvt","Andale","KS","USA",,,,,,,,,,,"07/29/26 18:00:12","coln","N",,,,"N","N",,1988,,0,0,0,0,0,,,
"20240710194667",1,"N10122","WPR24FA238","N","PUBU","CVFR","Y","SUBS","NONE","NONE","AIR TRACTOR INC","AT-802A",,"802A-0495",,"AIR",,"N",,,,2,1,"RETR","COAW","06/10/24 00:00:00",,1808.9,"Y","N",,"C91A","AERO SPRAY INC",,"APPLETON","MN","USA","56208","N","AERO SPRAY INC",,,,,"APPLETON","MN","USA","56208",,"Y",,,,,,,"FIRF","N","S","COE","Coeur d'Alene","ID","USA",1634,,,,,,,,,,"07/29/26 18:00:14","lama1","N",,,,"N","N",,2013,,0,0,0,1,1,"ACK E-04",,
"20240715194694",1,"N2617G","WPR24LA240","N","091","NONE","N","SUBS","NONE","NONE","CESSNA","182B",,"51917",2650,"AIR",,"N",2,,2,4,1,"FIXD","ANNL","04/26/24 00:00:00",10.19,6950.4302,"Y","Y","Y","C126",,"104 RAINBOW CIR","BUHL","ID","USA","83316","Y",,,,,"104 RAINBOW CIR","BUHL","ID","USA","83316",,"Y",,,,,,,"PERS","N",,"UO3","Buhl","ID","USA",1320,,,"U87","Smiley Creek","ID","USA",,,,"07/29/26 18:00:17","coln","Y",,,,"N","N",,1959,"40",0,0,0,1,1,"ACK"," E-04  406ELT",
"20240906195068",1,"N629AG","CEN24FA340","N","091","IFR","Y","DEST","GRD","NONE","PIPER AIRCRAFT INC","PA 46-350P",,"4636605",4340,"AIR",,"N",2,0,4,6,1,"RETR","ANNL",,,,"Y","Y","N","C126",,,"IOWA FALLS","IA","USA","50126","Y",,,"N/A",,,"IOWA FALLS","IA","USA","50126","N/A","Y",,,"N/A",,,,"PERS","N",,"KFOD","Fort Dodge","IA","USA",1148,,,"kAID","Anderson","IN","USA",,,,"07/29/26 18:00:19","coln","N","12",5400,100,"N","N",,2014,,0,0,1,0,0,"Artex / ACR Electronics","ME406",
"20240907195073",1,"N53466","WPR24FA298","N","091","NONE","N","SUBS","NONE","NONE","BOEING","A75L3",,"75-2175",2700,"AIR",,"N",1,,1,2,1,"FIXD","ANNL","06/01/24 00:00:00",5,3904,"Y","Y","Y","C91A",,,"Eatonville","WA","USA","98328","Y",,,,,,"Eatonville","WA","USA","98328",,"Y",,,,,,,"PERS","N",,"KTDO","Toledo","WA","USA",1900,,,"4S2","Hood River","OR","USA",,,,"07/29/26 18:00:22","coln","N",,,,"N","N",,1941,,0,0,0,1,1,"ACK","E-01",
"20240913195117",1,"N705JP","CEN24LA357","N","091","NONE",,"SUBS","NONE","NONE","DIAMOND","DA42","NG","42.N249",4407,"AIR",,"N",2,,2,4,2,"RETR","ANNL","09/27/23 00:00:00",,500,"Y","N",,"C126",,"506 CHERRYBROOK DR","BISMARCK","ND","USA","58503","Y",,,,,"506 CHERRYBROOK DR","BISMARCK","ND","USA","58503",,"Y",,,,,,,"PERS","Y",,"BIS","Bismark","ND","USA",2009,,,"Y19","Mandan","ND","USA",,,,"07/29/26 18:00:24","coln","Y","13/3",4399,75,"N","N",,2017,"50",0,0,1,1,1,"Kanad","51840501-02",
"20240916195129",1,"N9628M","WPR24LA305","N","091","NONE","N","SUBS","NONE","NONE","MOONEY","M20F",,"670205",,"AIR",,"N",,,,4,1,"RETR","UNK",,,,"Y",,,,,"7611 N 22ND PL","PHOENIX","AZ","USA","85020","Y",,,,,"7611 N 22ND PL","PHOENIX","AZ","USA","85020",,"Y",,,,,,,"PERS","N","S","KDVT","Phoenix","AZ","USA",1325,,,,,,,,,,"07/29/26 18:00:26","umja-c","N","14/3",4250,75,"N","N",,1966,,0,0,1,0,0,,,
"20260416202832",1,"N558BA","ERA26LA176","N","091","NONE","N","SUBS","NONE","NONE","ICON","A5","NO SERIES ","00172",1650,"AIR",,"N",1,,1,2,1,"RETR","COND","09/06/25 00:00:00",98,236,"Y","Y","N","C91A",,"103 AVE DE DIEGO APT 1611","SAN JUAN","PR","USA","00911","Y",,,,,"103 Ave De Diago, Apt. 1611","San Juan","PR","USA","00911",,"Y",,,,,,,"PERS","N",,"TJAB","Arecibo","PR","USA",1350,,,"TJIG","San Juan","PR","USA",,,,"07/29/26 18:00:27","coln","Y",,,,"N","N",,2022,"14",0,0,0,1,1,"ACK Technologies","E-04",
"20260714203391",1,"N665TE","CEN26LA254","N","091","NONE","N","SUBS","NONE","NONE","Tag Aviation PTY LTD","Titanium Explorer",,"0066-0125",1267,"GYRO",,"Y",,,,2,1,"FIXD",,,,50,,,,,,"1480 S LAREDO ST","AURORA","CO","USA","80017","Y",,,,,"1480 S LAREDO ST","AURORA","CO","USA","80017",,"Y",,,,,,,"PERS","N",,"AEJ","Buena Vista","CO","USA",1300,,,"FLY","Peyton","CO","USA",,,,"07/29/26 18:00:29","kaij","Y",,,,,,,2025,,0,0,0,0,0,,,
"20260715203400",1,"Z-JRI  ","GAA26WA253","N","NUSN",,,"SUBS","NONE","NONE","CESSNA","206",,,,"AIR",,"N",,,,,,"FIXD",,,,,,,,,,,,,"ZW",,"N",,,,,,,,"ZW",,,,,,,,,,,,,,,,,,,,,,,,,,,"07/29/26 19:35:13","kelz","N",,,,,,,,,0,0,0,0,0,,,
"20260402202748",1,"RP-C2984","GAA26WA149","N","NUSN",,,"UNK","UNK","UNK","BEECH","18",,,,"AIR",,"N",,,,,,"FIXD",,,,,,,,,,,,,"PH",,"N",,,,,,,,"PH",,,,,,,,,,,,,,,,,,,,,,,,,,,"07/29/26 19:35:37","kelz","N",,,,,,,,,0,0,0,0,0,,,
"20260317202657",1,"VH-YAO","GAA26WA131","N","NUSN",,,"MINR","NONE","NONE","Avion Mudry","CAP 10B",,,,"AIR",,"N",,,,,,"FIXD",,,,,,,,,,,,,"AU",,"N",,,,,,,,"AU",,,,,,,,,,,,,,,,,,,,,,,,,,,"07/29/26 19:35:47","kelz","N",,,,,,,,,0,0,0,0,0,,,
"20260224202489",1,"VH-8HR","GAA26WA114","N","NUSN",,,"MINR","NONE","NONE","ROBINSON","R44",,,,"HELI",,"N",,,,,,"FIXD",,,,,,,,,,,,,"AU",,"N",,,,,,,,"AU",,,,,,,,,,,,,,,,,,,,,,,,,,,"07/29/26 19:35:58","kelz","N",,,,,,,,,0,0,0,0,0,,,
"20260130202363",1,"T7-977","GAA25WA283","N","NUSN",,,"MINR","NONE","NONE","GULFSTREAM","GIV","X G450",,,"AIR",,"N",,,,,2,"RETR",,,,,,,,,,,,,"SG",,"N",,,,,,,,"SG",,,,,,,,,,,,,,,,,,,,,,,,,,,"07/29/26 19:36:06","dobn","N",,,,,,,,,0,0,1,0,0,,,
"20260127202345",1,"VH-PFL","GAA26WA081","N","NUSN",,,"MINR","NONE","NONE","GULFSTREAM","G-VSP",,,,"AIR",,"N",,,,,,"FIXD",,,,,,,,,,,,,"JP",,"N",,,,,,,,"JP",,,,,,,,,,,,,,,,,,,,,,,,,,,"07/29/26 19:36:13","kelz","N",,,,,,,,,0,0,0,0,0,,,
"20251119202025",1,"JA102H","GAA26WA030","N","NUSN",,,"DEST","UNK","UNK","CIRRUS","SR20",,,,"AIR",,"N",,,,,,"FIXD",,,,,,,,,,,,,"JP",,"N",,,,,,,,"JP",,,,,,,,,,,,,,,,,,,,,,,,,,,"07/29/26 19:36:19","kelz","N",,,,,,,,,0,0,0,0,0,,,
"20260723203444",1,"N103UC","ANC26LA075","N","091",,,,,,"CESSNA","152",,,,,,"N",,,,,,"FIXD",,,,,,,,,"426TH AERO SQUADRON LLC",,,,,,"N",,,,,,,,,,,,,,,,,,"INST",,,,,,,,,,,,,,,,,"07/29/26 20:05:46","hoim","N",,,,,,,,,0,0,0,0,0,,,
"20260424202877",1,"VH-IBX","GAA26WA170","N","NUSN",,,,"NONE","NONE","PIPER","PA28",,,,"AIR",,"N",,,,,,"FIXD",,,,,,,,,,,,,"AU",,"N",,,,,,,,"AU",,,,,,,,,,,,,,,,,,,,,,,,,,,"07/29/26 20:10:16","kelz","N",,,,,,,,,0,0,0,0,0,,,
"20260519203022",1,"5N-ISB","GAA26WA194","N","NUSN",,,"SUBS","NONE","UNK","HAWKER","800XP",,,,"AIR",,"N",,,,,,"FIXD",,,,,,,,,,,,,"NG",,"N",,,,,,,,"NG",,,,,,,,,,,,,,,,,,,,,,,,,,,"07/29/26 20:10:41","kelz","N",,,,,,,,,0,0,0,0,0,,,
"20260624203239",1,"4X-AGP","GAA26WA224","N","NUSN",,,"SUBS","UNK","UNK","SHORT","SC7",,,,"AIR",,"N",,,,,,"FIXD",,,,,,,,,,,,,"IL",,"N",,,,,,,,"IL",,,,,,,,,,,,,,,,,,,,,,,,,,,"07/29/26 20:12:40","kelz","N",,,,,,,,,0,0,0,0,0,,,
"20260715203394",1,"C-GHFL","GAA26WA251","N","NUSN",,,"SUBS","UNK","UNK","HUGHES","369","D","1143D",,"HELI",,"N",,,,,,"FIXD",,,,,,,,,,,,,"CA",,"N",,,,,,,,"CA",,,,,,,,,,,,,,,,,,,,,,,,,,,"07/29/26 20:12:59","kelz","N",,,,,,,,,0,0,0,0,0,,,
"20240611194444",1,"JA061","GAA24WA184","N","NUSN",,,"SUBS","NONE","NONE","Cessna ","172",,,,"AIR",,"N",,,,,,"FIXD",,,,,,,,,,,,,,,"N",,,,,,,,,,,,,,,,,,,,,,,,,,,,,,,,,,,"07/29/26 21:10:00","schl","N",,,,,,,,,0,0,0,0,0,,,
"20260714203389",1,"N448VQ","CEN26FA253","N","091",,,,,,"BABCOCK ROWLAND A","MONTANA COYOTE",,,,,,"N",,,,,,"FIXD",,,,,,,,,,,,,,,"N",,,,,,,,,,,,,,,,,,,,,,,,,,,,,,,,,,,"07/29/26 21:45:51","aguj","N",,,,,,,,,0,0,0,0,0,,,
"20250527200221",1,"HC-CMM","GAA25WA167","N","NUSC",,,"DEST","IFLT","NONE","CESSNA","188","A",,,"AIR",,"N",1,,,1,1,"FIXD","UNK",,,,,,,,"Aeroriente ",,,"OF","EC",,"N","Aeroriente ",,,,,,"OF","EC",,,"Y",,,,,,,"AAPL","N","L",,,,,,,,,,,,,,,"07/30/26 00:07:23","diad","N","29",,,,,,,,0,0,0,0,0,,,
"20250218199717",1,"PS-FEM","GAA25WA094","N","NUSN",,,"DEST","UNK","UNK","BEECRAFT","F90",,,,"AIR",,"N",,,,,,"FIXD",,,,,,,,,,,,,"BR",,"N",,,,,,,,"BR",,,,,,,,,,,,,,,,,,,,,,,,,,,"07/30/26 00:08:19","schl","N",,,,,,,,,0,0,0,0,0,,,
"20260720203417",1,"N9758J","ERA26LA273","N","091","NONE","N","SUBS","NONE","NONE","PIPER","PA-28-180",,"28-3950",2400,"AIR",,"N",2,,2,4,1,"FIXD","UNK",,,,"Y","N",,"UNK",,,"WEST WAREHAM","MA","USA","02576","Y",,,,,,"WEST WAREHAM","MA","USA","02576",,"Y",,,,,,,"PERS","N","U","6B0","Middlebury","VT","USA",1600,,,,,,,,,,"07/30/26 13:01:04","schl","N",,,,"N","N",,1967,,0,0,0,0,0,,,
"20260702203306",1,"N7501S","CEN26FA241","N","091",,,,,,"BEECH","95-A55",,,,,,"N",,,,,,"FIXD",,,,,,,,,"PRESSLEY AVIATION LLC",,,,,,"N","PRESSLEY AVIATION LLC",,,,,,,,,,,,,,,,,"PERS",,,,,,,,,,,,,,,,,"07/30/26 13:43:09","brajo","N",,,,,,,,,0,0,0,0,0,,,
"20260706203327",1,"A6-MSS","GAA26WA243","N","UNK",,,"DEST","UNK","UNK","CESSNA","172","R",,,"AIR",,"N",,,,,,"FIXD",,,,,,,,,,,,,"AE",,"N",,,,,,,,"AE",,,,,,,,,,,,,,,,,,,,,,,,,,,"07/30/26 15:13:50","sime1","N",,,,,,,,,0,0,0,0,0,,,
"20260706203321",1,"VH-SFX","GAA26WA239","N","091",,,"SUBS","UNK","NONE","SUPERMARINE","SPITFIRE",,,,"AIR",,"N",,,,,,"FIXD",,,,,,,,,,,,,"AU",,"N",,,,,,,,"AU",,,,,,,,,,,,,,,,,,,,,,,,,,,"07/30/26 15:14:39","sime1","N",,,,,,,,,0,0,0,0,0,,,
"20260624203240",1,"DQ-VAT","GAA26WA225","N","091",,,"SUBS","UNK","UNK","ROBINSON","R44","II",,,"HELI",,"N",,,,,,"FIXD",,,,,,,,,,,,,"FJ",,"N",,,,,,,,"FJ",,,,,,,,,,,,,,,,,,,,,,,,,,,"07/30/26 15:15:15","sime1","N",,,,,,,,,0,0,0,0,0,,,
"20260519203019",1,"V5-KER","GAA26WA193","N","UNK",,,"DEST","UNKT","UNK","CESSNA","210",,,,"AIR",,"N",,,,,,"FIXD",,,,,,,,,,,,,"NA",,"N",,,,,,,,"NA",,,,,,,,,,,,,,,,,,,,,,,,,,,"07/30/26 15:15:49","sime1","N",,,,,,,,,0,0,0,0,0,,,
"20260615203181",1,"SU-BRM","GAA26WA217","N","091",,,"SUBS","NONE","NONE","CESSNA","172",,,,"AIR",,"N",,,,,,"FIXD",,,,,,,,,,,,,,,"N",,,,,,,,"EG",,,,,,,,,,,,,,,,,,,,,,,,,,,"07/30/26 15:20:08","sime1","N",,,,,,,,,0,0,0,0,0,,,
"20260429202908",1,"VH-YQP","GAA26WA179","N","091",,,"DEST","GRD","UNK","DIAMOND","DA42",,,,"AIR",,"N",,,,,,"FIXD",,,,,,,,,,,,,"AU",,"N",,,,,,,,"AU",,,,,,,,,,,,,,,,,,,,,,,,,,,"07/30/26 15:20:36","sime1","N",,,,,,,,,0,0,0,0,0,,,
"20260408202780",1,"VH-LBZ","GAA26WA154","N","091",,,"SUBS","UNK","UNK","CESSNA","441",,,,"AIR",,"N",,,,,,"FIXD",,,,,,,,,,,,,"AU",,"N",,,,,,,,"AU",,,,,,,,,,,,,,,,,,,,,,,,,,,"07/30/26 15:21:03","sime1","N",,,,,,,,,0,0,0,0,0,,,
"20260226202506",1,"VT-AJV","GAA26WA116","N","135",,,"DEST","NONE","NONE","BEECH","C90","A","LJ-1159",,"HELI",,"N",,,,,,"FIXD",,,,,,,,,,,,,"IN",,"N",,,,,,,,"IN",,,,,,,,,,,,,,,,,,,,,,,,,,,"07/30/26 15:21:31","sime1","N",,,,,,,,,0,0,0,0,0,,,
"20260209202411",1,"VH-KHO","GAA26WA098A","N","091",,,,"NONE","NONE","BELL","212",,,,"HELI",,"N",,,,,,"FIXD",,,,,,,,,,,,,"AU",,"N",,,,,,,,"AU",,,,,,,,,,,,,,,,,,,,,,,,,,,"07/30/26 15:23:10","sime1","N",,,,,,,,,0,0,0,0,0,,,
"20260209202411",2,"VH-VWF","GAA26WA098B","N","091",,,,"NONE","NONE","Wytwornia","PZL M18B",,,,"AIR",,"N",,,,,,"FIXD",,,,,,,,,,,,,"AU",,"N",,,,,,,,"AU",,,,,,,,,,,,,,,,,,,,,,,,,,,"07/30/26 15:23:10","sime1","N",,,,,,,,,0,0,0,0,0,,,
"20251215202164",1,"ZK-IWZ","GAA26WA051","N","137",,,"SUBS","UNK","UNK","BELL","206","L3","51123",,"HELI",,"N",,,,,,"FIXD",,,,,,,,,,,,,"NZ",,"N",,,,,,,,"NZ",,,,,,,,,,,,,,,,,,,,,,,,,,,"07/30/26 15:23:38","sime1","N",,,,,,,,,0,0,0,0,0,,,
"20251029201934",1,"5Y-CCA","GAA26WA015","N","UNK",,,"DEST","UNK","UNK","CESSNA","208",,,,"AIR",,"N",,,,,,"FIXD",,,,,,,,,,,,,"KE",,"N",,,,,,,,"KE",,,,,,,,,,,,,,,,,,,,,,,,,,,"07/30/26 15:24:04","sime1","N",,,,,,,,,0,0,0,0,0,,,
"20250512200144",1,"VT-OXF","GAA25WA156","N","135",,,"SUBS","NONE","NONE","BELL","407",,"53829",,"HELI",,"N",,,,,,"FIXD",,,,,,,,,,,,,"IN",,"N",,,,,,,,"IN",,,,,,,,,,,,,,,,,,,,,,,,,,,"07/30/26 15:24:46","sime1","N",,,,,,,,,0,0,0,0,0,,,
"20260728203478",1,"C-FCPG","WPR26LA280","N","091",,,"UNK","NONE","NONE","HARMON","ROCKET II",,,,"AIR",,"N",,,,,,"FIXD",,,,,,,,,,,,,"CA",,"Y",,,,,,"Vancouver",,"CA",,,"Y",,,,,,,"PERS","N","S","OSH","Oshkosh","WI","USA",,,,,,,,,,,"07/30/26 15:45:43","blok","N",,,,"N","N",,,,0,0,0,0,0,,,
"20260715203405",1,"N323SF","WPR26LA261","N","091",,,"SUBS","NONE","NONE","JAMES AUSBUN","KITFOX S7 STI",,"KA20150451",,"AIR",,"N",,,,2,1,"FIXD",,,,,,,,,,"7003 104TH ST E","PUYALLUP","WA","USA","98373","Y",,,,,"7003 104TH ST E","PUYALLUP","WA","USA","98373",,"Y",,,,,,,"PERS",,"S",,,,,,,,,,,,,,,"07/30/26 15:45:57","blok","N","15/3",2875,30,,,,2024,,0,0,0,0,0,,,
"20260715203404",1,"N5051W","WPR26LA260","N","091","NONE","N","SUBS","NONE","NONE","BELLANCA","8KCAB",,"527-79",,"AIR",,"N",,,,2,1,"FIXD",,,,,,,,,"FOX TWO LLC",,"CAMINO","CA","USA","95709","N","FOX TWO LLC",,,,,"CAMINO","CA","USA","95709",,"Y",,,,,,,"INST","Y","S",,,,,,,,,,,,,,,"07/30/26 16:06:56","cawj","N","07/2",3700,75,"N","N",,1979,,0,0,0,0,0,,,
"20260721203439",1,"N76GC","WPR26LA272","N","091",,,"SUBS","NONE","NONE","GRUMMAN AMERICAN AVN. CORP.","AA-5A",,"AA5A-0107",2200,"AIR",,"N",2,,2,4,1,"FIXD",,,,,,,,,,"18301 GREYWALLS DR","ARLINGTON","WA","USA","98223","Y",,,,,"18301 GREYWALLS DR","ARLINGTON","WA","USA","98223",,"Y",,,,,,,"PERS","N","S",,,,,,,,,,,,,,,"07/30/26 16:08:33","cawj","N",,,,"N","N",,1976,,0,0,0,0,0,,,
"20260730203490",1,"731CQ","CEN26LA274","N","137",,,,,,"CESSNA","A188B",,,,,,"N",,,,,,"FIXD",,,,,,,,,"D & K AVIATION INC",,,,,,"N","D & K AVIATION INC",,,,,,,,,,,,,,,,,"AAPL",,,,,,,,,,,,,,,,,"07/30/26 17:17:54","abrl","N",,,,,,,,,0,0,0,0,0,,,
"20251023201917",1,"N514AX","DCA26FA019","N","091","NONE",,"DEST","GRD","NONE","AIR VEV INC","AIR ZERO2",,"P912",2550,"PLFT",,"N",0,0,0,0,8,"FIXD","COND","10/18/25 00:00:00",,1.1,"N",,,,"AIR VEV INC","10 HEATON CT","CLOSTER","NJ","USA","07624","N","AIR VEV INC",,,,"10 HEATON CT","CLOSTER","NJ","USA","07624",,"Y",,,,"NSCH","DOM",,"FLTS",,"S",,,,,,,,,,,,,,,"07/30/26 18:00:00","warl","Y","31",6300,75,"N","N",,2024,,0,1,0,0,0,,,
"20260219202454",1,"N940BH","CEN26LA119","N","091","NONE","N","SUBS","NONE","NONE","ROBINSON HELICOPTER CO","R66",,"1192",2700,"HELI",,"N",2,,3,5,1,"FIXD","100H","12/02/25 00:00:00",,582.89001,"Y",,,,"BRAZOS VORTEX LLC","103 SE 1ST ST","MINERAL WELLS","TX","USA","76067","Y",,,,,"103 SE 1st ST","Mineral Wells","TX","USA","76067",,"Y",,,,"NSCH",,,"PERS","N","S","N/A","Mineral Wells","TX","USA",2358,,,,,,,,,,"07/30/26 18:00:01","coln","N",,,,"N","N",,2022,"2200",0,0,1,0,0,,,
"20260330202723",1,"N510EA","CEN26LA152","N","091","NONE","N","SUBS","NONE","NONE","ELA","ELA10","ECLIPSE","10165111014",1235,"GYRO",,"Y",,,,2,1,"FIXD","COND","08/01/25 00:00:00",,274.5,"N",,,,,"417 BUTTE PKWY","GOLDEN","CO","USA","80403","Y",,,,,"417 BUTTE PKWY","GOLDEN","CO","USA","80403","NA","Y",,,,,,,"PERS","N",,"BJC","Broomfield","CO","USA",1745,,,"BDU","Boulder","CO","USA",,,,"07/30/26 18:00:02","coln","Y","08/2",4100,75,"N","N",,2017,"12.5",0,0,0,0,0,,,
"20260402202744",1,"N778WT","ERA26LA157","N","091","NONE","N","SUBS","NONE","NONE","CIRRUS DESIGN CORP","SR22T",,"2290",3600,"AIR",,"N",2,,3,5,1,"FIXD","UNK",,,402.39999,"Y",,,"UNK",,"2 RED OAK DR UNIT C","PLAISTOW","NH","USA","03865","Y",,,,,"2 RED OAK DR UNIT C","PLAISTOW","NH","USA","03865",,"Y",,,,,,,"PERS","Y",,"SC65","Mount Pleasant","SC","USA",2330,,,"OPF","Opa-Locka","FL","USA",,,,"07/30/26 18:00:03","coln","Y","33",2400,100,"N","N",,2021,"88",0,0,0,0,0,,,
"20260407202771",1,"N249CT","CEN26LA161","N","091","NONE","N","SUBS","NONE","NONE","FLIGHT DESIGN GMBH","CTSW",,"06-11-14",1320,"AIR",,"N",2,,,2,1,"FIXD","COND","02/12/26 00:00:00",31,3635,"Y","Y","N","UNK",,"1715 MOUNTAIN CV","SAN ANTONIO","TX","USA","78258","Y",,,,,,"San Antonio","TX","USA","78258",,"Y",,,,,,,"INST","Y","L",,,,,,,,,,,,,,,"07/30/26 18:00:03","coln","Y","18/3",3415,50,"N","N",,2006,,0,0,0,1,1,"Unknown","Unknown",
"20260415202827",1,"N311LH","CEN26LA166","N","091","NONE","N","SUBS","NONE","NONE","DIAMOND AIRCRAFT IND GMBH","DA 42 NG",,"42.036",2500,"AIR",,"N",1,,3,4,2,"RETR","100H","03/04/26 00:00:00",,3903.7,"Y",,,"C91A",,"250 N WATER ST STE 300","WICHITA","KS","USA","67202","Y",,,,,,"Colorado Springs","CO","USA","80916",,"Y",,,,,,,"POSI",,"S","LXV","Leadville","CO","USA",1500,,,,,,,,,,"07/30/26 18:00:04","coln","Y","13",8270,150,"N","N",,2005,"30",0,0,1,1,1,,,
"20260427202900",1,"N610PS","WPR26LA167","N","091","NONE","N","SUBS","NONE","NONE","CZECH SPORT AIRCRAFT AS","PIPER SPORT",,"P1001013",1320,"AIR",,"N",1,,1,2,1,"FIXD","ANNL","10/22/25 00:00:00",,3350,"Y","N",,,," ","NEWALLA","OK","USA","74857","Y",,,,," ","NEWALLA","OK","USA","74857",,"Y",,,,,,,"PERS",,,"AEG","Albuquerque","NM","USA",2046,,,"1L8","Hurricane","UT","USA",,,,"07/30/26 18:00:05","salf","N",,,,"N","N",,2010,"30",0,0,0,1,1,"Kannad","S1851501-02",
"20260429202909",1,"N6130F","WPR26LA171","N","091","NONE","N","SUBS","NONE","NONE","CESSNA","210","H","21059030",3400,"AIR",,"N",2,,4,6,1,"RETR","ANNL","06/12/25 00:00:00",41,5710,"Y","N",,"C126",,"PO BOX 1660","CEDAR RIDGE","CA","USA","95924","Y",,,,,"PO BOX 1660","CEDAR RIDGE","CA","USA","95924",,"Y",,,,,,,"PERS","N","S","GOO","Grass Valley","CA","USA",1745,,,,,,,,,,"07/30/26 18:00:05","coln","Y","16/3",2420,75,"N","N",,1968,"55",0,0,1,1,1,"ACK Technologies","E04",
"20260501202916",1,"N409AE","ERA26LA194","N","135","CVFR","N","SUBS","NONE","NONE","BELL HELICOPTER TEXTRON CANADA","206L-4",,"52413",4450,"HELI",,"N",1,2,1,5,1,"FIXD","AAIP","04/15/26 00:00:00",,8971,"Y","N",,"C126",,"1001 BOARDWALK SPRINGS PL STE 250","O FALLON","MO","USA","63368","Y",,,"Air Evac Lifeteam",,"1001 BOARDWALK SPRINGS PL STE 250","O FALLON","MO","USA","63368","EVCA","Y",,,,"NSCH","DOM","PAX","OWRK","N","L",,,,,,,,,,,,,,,"07/30/26 18:00:05","coln","N",,,,"N","Y","MEDE",2010,"63",0,0,0,1,1,"ArTEX","ELT-1000",
"20260511202961",1,"N759AP","ERA26LA203","N","091","NONE",,"SUBS","NONE","NONE","CESSNA","182Q",,"18265841",3100,"AIR",,"N",2,,2,4,1,"FIXD","ANNL","04/08/26 00:00:00",24,3620.8,"Y","N",,"C91",,"4673 W DAYBREAK RIM WAY","SOUTH JORDAN","UT","USA","84009","Y",,,,,"4673 W DAYBREAK RIM WAY","SOUTH JORDAN","UT","USA","84009",,"Y",,,,,,,"INST","Y","S","PCM","Plant City","FL","USA",2227,,,,,,,,,,"07/30/26 18:00:06","coln","N","14/3",3541,50,"N","N",,1977,"50",0,0,0,1,1,,,
"20260512202970",1,"N6643A","WPR26LA180","N","091","NONE","N","DEST","GRD","NONE","CESSNA","172",,"28743",2200,"AIR",,"N",2,,,2,1,"FIXD","ANNL","10/01/25 00:00:00",,1130.3,"Y",,,"UNK",,"115 N 200 W","Monroe ","UT","USA","84754","Y",,,,,"115 N 200 W","Monroe ","UT","USA","84754",,"Y",,,,,,,"PERS","Y","L","RIF","Richfield","UT","USA",1800,,,,,,,,,,"07/30/26 18:00:06","coln","N",,,,"N","N",,1956,"23",0,0,0,1,1,"Artex","Elt 200",
"20260515202998",1,"N806DM","WPR26LA187","N","091","NONE",,"SUBS","NONE","NONE","CIRRUS DESIGN CORP","SR20",,"2228",3050,"AIR",,"N",2,0,2,4,1,"FIXD","100H","05/05/26 00:00:00",100,6519.2998,"Y","N",,,,,"PHOENIX","AZ","USA","85015","Y",,,,,,"Mesa","AZ","USA","85215",,"Y",,,,,,,"PERS","N","S","FFZ","Mesa","AZ","USA",2300,,,,,,,,,,"07/30/26 18:00:06","coln","N","21",5132,100,"N","N",,2013,"36",0,0,1,1,1,,,
"20260515202999",1,"N952SF","WPR26LA188","N","091","NONE","N","SUBS","NONE","NONE","MCDONNELL DOUGLAS HELICOPTER","500",,"0366E",3000,"HELI",,"N",2,,2,4,1,"FIXD","ANNL",,,,"Y","N",,,"INTERPARTS GENERAL BUSINESS INC","7104 BRUNSWICK CIR","BOYNTON BEACH","FL","USA","33472","N","INTERPARTS GENERAL BUSINESS INC",,,,"7104 BRUNSWICK CIR","BOYNTON BEACH","FL","USA","33472",,"Y",,,,,,,"PERS","N","S","TWF","Twin Falls","ID","USA",2000,,,,,,,,,,"07/30/26 18:00:07","kelz","N",,,,"N","N",,1989,,0,0,0,1,1,,,
"20260518203005",1,"N6915Z","CEN26LA188","N","091","NONE","N","SUBS","NONE","NONE","PIPER","PA-34-220T",,"34-8533003",4750,"AIR",,"N",2,0,4,6,2,"RETR","ANNL","05/03/25 00:00:00",16,3916,"Y","N",,,,"5006 DEER PARK CIR","CORPUS CHRISTI","TX","USA","78413","Y",,,,,"5006 DEER PARK CIR","CORPUS CHRISTI","TX","USA","78413","N/A","Y",,,,,,,"PERS","N",,"RFG","Refugio","TX","USA",1924,,,"CRP","Corpus Christi","TX","USA",,,,"07/30/26 18:00:07","hodm","Y","18",6080,150,"N","N",,1985,"123",0,0,1,1,1,"not given",,
"20260519203017",1,"N519JS","ERA26LA210","N","091","NONE",,"SUBS","NONE","NONE","JOHN BRADLEY","VANS RV-7",,"75052",1850,"AIR",,"Y",1,,1,2,1,"FIXD","COND","03/29/26 00:00:00",,12.8,"Y","N",,"C91",,"1151 BEVERLY DR","ATHENS","GA","USA","30606","Y",,,,,"1151 BEVERLY DR","ATHENS","GA","USA","30606",,"Y",,,,,,,"FLTS","N","L",,,,,,,,,,,,,,,"07/30/26 18:00:08","coln","Y","09",6122,100,"N","N",,2026,"34",0,0,0,1,1,"ACK","E-04",
"20260521203036",1,"N32F","CEN26LA194","N","091","NONE","N","SUBS","NONE","NONE","LOCKWOOD","AIR CAM","NO SERIES ","AC075",1680,"AIR",,"Y",2,,,2,2,"FIXD","ANNL",,,,"Y","N",,"C126","TRANSPARENT SKY LLC","612 ENCINO PL NE","ALBUQUERQUE","NM","USA","87102","Y",,,,,"612 ENCINO PL NE","ALBUQUERQUE","NM","USA","87102",,"Y",,,,,,,"PERS","N",,"DHT","Dalhart","TX","USA",2025,,,"PTT","Pratt","KS","USA",,,,"07/30/26 18:00:08","coln","Y",,,,"N","N",,2000,"28",0,0,1,1,1,"Artex","ELT 345",
"20260528203065",1,"N600WE","ERA26LA218","N","091","IFR","Y","SUBS","NONE","NONE","GULFSTREAM AEROSPACE CORP","GVII-G600",,"73050",95000,"AIR",,"N",2,1,19,22,2,"RETR","COAW","03/12/26 00:00:00",60,783,"Y","N",,"C126","SPRING CREEK AVIATION LLC","117 SALEM CHURCH RD","NEWARK","DE","USA","19713","N","AAA Cooper Transportation",,,,,"Dothan","AL","USA","36303",,"Y",,,,,,,"EXEC","Y","S","EIKY","Kerry","OF","IE",1030,,,,,,,,,,"07/30/26 18:00:08","coln","Y","24",12007,150,"N","N",,2021,"5900",0,0,1,1,1,"ARTEX","ELT 4000",
"20260528203067",1,"N3984F","CEN26LA200","N","091","NONE",,"SUBS","NONE","NONE","CESSNA","172",,"36884",2100,"AIR",,"N",1,,3,4,1,"FIXD","ANNL","04/04/26 00:00:00",,6508,"Y","Y","N",,,"8750 CHURCH RD","CHEBOYGAN","MI","USA","49721","Y",,,,,"8750 CHURCH RD","CHEBOYGAN","MI","USA","49721",,"Y",,,,,,,"PERS","N",,"SLH","Cheboygan","MI","USA",1930,,,"MI69","Naubinway","MI","USA",,,,"07/30/26 18:00:09","rutb","N","26",2400,100,"N","N",,1958,"30",0,0,0,1,1,"Narco","19944",
"20260529203077",1,"N55739","ERA26LA220","N","091","NONE","N","SUBS","NONE","NONE","PIPER","PA-28-180",,"28-7305456",2450,"AIR",,"N",2,,2,4,1,"FIXD","ANNL","05/27/26 00:00:00",,3751.8999,"Y","N",,"UNK",,"2524 ANDREWS LAKE RD","FELTON","DE","USA","19943","Y",,,,,"2524 ANDREWS LAKE RD","FELTON","DE","USA","19943",,"Y",,,,,,,"PERS","N","S","GED","Georgetown","DE","USA",1737,,,,,,,,,,"07/30/26 18:00:09","coln","N","10/2",5350,100,"N","N",,1973,"50",0,0,1,1,1,"Garrett","88",
"20260529203080",1,"N292M","CEN26LA205","N","091","NONE","N","SUBS","NONE","NONE","VANS","RV4","UNDESIGNAT","WB001",1600,"AIR",,"Y",,,,2,1,"FIXD","COND","10/10/25 00:00:00",,1139,"Y","N",,"C91",,"4 CLARIDGE CT","CONROE","TX","USA","77304","Y",,,,,"4 CLARIDGE CT","CONROE","TX","USA","77304",,"Y",,,,,,,"PERS","N",,"CXO","Conroe","TX","USA",1730,,,"T78","Liberty","TX","USA",,,,"07/30/26 18:00:10","coln","N","19",5000,100,"N","N",,2000,"20",0,0,0,1,1,"ACK","E-01",
"20260529203081",1,"N11JP","CEN26LA206","N","091","NONE",,"SUBS","NONE","NONE","PITTS","SPECIAL S-1S",,"676-H",1150,"AIR",,"Y",1,,,1,1,"FIXD","COND","03/03/26 00:00:00",,420.79999,"N",,,,,"716 North Spruce Avenue","Bartlesville","OK","USA","74006","Y",,,,,"716 North Spruce Avenue","Bartlesville","OK","USA","74006",,"Y",,,,,,,"PERS","N","L",,,,,,,,,,,,,,,"07/30/26 18:00:10","coln","N","35",6850,100,"N","N",,1981,"20",0,0,0,0,0,,,
"20260602203103",1,"N23RA","CEN26LA215","N","091","NONE",,"SUBS","NONE","NONE","EAA ","Acro Sport II",,"107",1520,"AIR",,"N",1,,1,2,1,"FIXD","UNK",,,308,,,,,,"21718 Eddie Road","Hensley","AR","USA","72065","Y",,,,,"21718 Eddie Road","Hensley","AR","USA","72065",,"Y",,,,,,,"PERS","N","S",,,,,,,,,,,,,,,"07/30/26 18:00:10","coln","Y",,,,"N","N",,1989,"11.9",0,0,0,0,0,,,
"20260609203147",1,"N144CD","ERA26LA234","N","137","VFR","N","SUBS","NONE","NONE","ROBINSON HELICOPTER","R44",,"0602",2500,"HELI",,"N",1,,3,4,1,"FIXD","100H","05/15/26 00:00:00",24.4,3899.3,"N",,,,"LITTLE GATOR AVIATION INC","2335 NEWLANDS RD","FAIRFIELD","NC","USA","27826","Y",,,,,"2335 NEWLANDS RD","FAIRFIELD","NC","USA","27826",,"Y",,,,,,,"AAPL","N","S",,,,,,,,,,,,,,,"07/30/26 18:00:11","coln","N",,,,"N","N",,1999,"25",0,0,0,0,0,,,
"20260609203150",1,"N5376P","ERA26LA235","N","091","NONE",,"SUBS","NONE","NONE","PIPER","PA-24-250",,"24-426",2800,"AIR",,"N",2,,2,4,1,"RETR","ANNL","05/22/26 00:00:00",1,1676.6,"Y","N",,"UNK",,"25349 IRONWEDGE DR","SORRENTO","FL","USA","32776","Y",,,,,"25349 IRONWEDGE DR","SORRENTO","FL","USA","32776",,"Y",,,,,,,"PERS","N","S","FA83","Zellwood","FL","USA",1248,,,,,,,,,,"07/30/26 18:00:11","coln","Y","09L",5000,150,"N","N",,1959,"30",0,0,1,1,1,"Merl","BP-1010",
"20260714203390",1,"N845PS","WPR26LA256","N","091","NONE","N","SUBS","UNKT","NONE","CANADAIR LTD","CF-5D",,"116845",15500,"AIR",,"N",,,,2,4,"RETR","COAW","06/26/26 00:00:00",,4662.2998,,,,,,"732 S 6TH ST STE 4668","LAS VEGAS","NV","USA","89101","Y",,,,,"732 S 6TH ST STE 4668","LAS VEGAS","NV","USA","89101",,"Y",,,,,,,"BUS",,"S",,,,,,,,,,,,,,,"07/30/26 18:00:11","stes-i","Y","30",12503,200,"N","N",,1966,,0,0,0,0,0,,,
"20250207199662",1,"N321BA","ANC25MA018","N","135","IFR","Y","DEST","NONE","NONE","TEXTRON AVIATION INC","208B",,"208B5613",9097,"AIR",,"N",2,0,9,11,1,"FIXD","100H","01/07/25 00:00:00",42.400002,4333.7002,"Y","Y","N","C126","BERING AIR INC","PO BOX 1650","NOME","AK","USA","99762","N","BERING AIR INC",,"Bering Air",,"PO BOX 1650","NOME","AK","USA","99762","FXTA","Y",,,"FXTA050A","SCHD","DOM","PAX",,"N",,"PAUN","Unalakleet","AK","USA",2337,,,"PAOM","Nome","AK","USA",,,,"07/30/26 18:43:06","rubp-c","Y",,,,"N","N",,2020,"127",0,0,1,1,0,"ACR Electronics, Inc.","453-5060",
"20260728203476",1,"N4535A","ANC26FA077","N","091",,,,,,"PIPER","PA22",,,,,,"N",,,,,,"FIXD",,,,,,,,,,,,,,,"N",,,,,,,,,,,,,,,,,,"PERS",,,,,,,,,,,,,,,,,"07/31/26 00:45:51","rasm","N",,,,,,,,,0,0,0,0,0,,,
"20260728203465",1,"N291CA","ERA26LA282","N","091",,,,,,"AMERICAN CHAMPION AIRCRAFT","7GCBC",,,,,,"N",,,,,,"FIXD",,,,,,,,,"MAYA AIR SERVICES LLC",,,,,,"N","Southern Maine Aviation",,,,,,,,,,,,,,,,,"INST",,,,,,,,,,,,,,,,,"07/31/26 15:07:51","waid","N",,,,,,,,,0,0,0,0,0,,,
"20260714203379",1,"N8154Y","CEN26LA248","N","091",,,"SUBS","NONE","NONE","PIPER","PA-30",,"30-1267",,"AIR",,"N",,,,6,2,"FIXD",,,,,,,,,"RAWSON AVIATION LLC","PO BOX 183","COLLINSVILLE","OK","USA","74021","N","RAWSON AVIATION LLC",,,,"PO BOX 183","COLLINSVILLE","OK","USA","74021",,"Y",,,,,,,"INST","Y","S",,,,,,,,,,,,,,,"07/31/26 18:00:00","saua","N",,,,"N","N",,1966,,0,0,0,0,0,,,
"20260731203496",1,"LV-KGR","GAA26WA267","N",,,,,,,"BELL","412","EP",,,,,"N",,,,,,"FIXD",,,,,,,,,,,,,,,"N",,,,,,,,,,,,,,,,,,,,,,,,,,,,,,,,,,,"07/31/26 19:21:30","haxm-c","N",,,,,,,,,0,0,0,0,0,,,
"20260731203497",1,"SP-RNT","DCA26WA297A","N","NUSC",,,,,,"BOEING","737","8AS",,,,,"N",,,,,,"FIXD",,,,,,,,,"Ryanair Holdings Group",,,,,,"N","Buzz Air",,,,,,,,,,,,,,"SCHD",,,,,,,,,,,,,,,,,,,,"07/31/26 19:56:52","mass2","N",,,,,,,,,0,0,0,0,0,,,
"20260731203497",2,"EC-MYC","DCA26WA297B","N","NUSC",,,,,,"AIRBUS","A320",,,,,,"N",,,,,,"FIXD",,,,,,,,,"Vueling",,,,,,"N","Vueling",,,,,,,,,,,,,,"SCHD",,,,,,,,,,,,,,,,,,,,"07/31/26 19:56:52","mass2","N",,,,,,,,,0,0,0,0,0,,,
"20230124106624",1,"PR-LGT","GAA23WA058","N","NUSN",,,"SUBS","UNK","UNK","ROBINSON","R22",,,,"HELI",,"N",,,,,,"FIXD",,,,,,,,,,,,,"USA",,"N",,,,,,,,"USA",,,,,,,,,,,,,,,,,,,,,,,,,,,"07/31/26 21:36:46","schl","N",,,,,,,,,0,0,0,0,0,,,
