ev_id,ntsb_no,ev_type,ev_date,ev_dow,ev_time,ev_tmzn,ev_city,ev_state,ev_country,ev_site_zipcode,ev_year,ev_month,mid_air,on_ground_collision,latitude,longitude,latlong_acq,apt_name,ev_nr_apt_id,ev_nr_apt_loc,apt_dist,apt_dir,apt_elev,wx_brief_comp,wx_src_iic,wx_obs_time,wx_obs_dir,wx_obs_fac_id,wx_obs_elev,wx_obs_dist,wx_obs_tmzn,light_cond,sky_cond_nonceil,sky_nonceil_ht,sky_ceil_ht,sky_cond_ceil,vis_rvr,vis_rvv,vis_sm,wx_temp,wx_dew_pt,wind_dir_deg,wind_dir_ind,wind_vel_kts,wind_vel_ind,gust_ind,gust_kts,altimeter,wx_dens_alt,wx_int_precip,metar,ev_highest_injury,inj_f_grnd,inj_m_grnd,inj_s_grnd,inj_tot_f,inj_tot_m,inj_tot_n,inj_tot_s,inj_tot_t,invest_agy,ntsb_docket,ntsb_notf_from,ntsb_notf_date,ntsb_notf_tm,fiche_number,lchg_date,lchg_userid,wx_cond_basic,faa_dist_office,dec_latitude,dec_longitude
"20260717203416","WPR26LA265","ACC","07/17/26 00:00:00","Fr",1800,"UTC","Kent","WA","USA","98032",2026,7,,,"472252N","1221412W","MEAS","CREST AIRFIELD","S36","ONAP",0,0,472,,"WFAC",1100,320,"KSEA",434,5,,"DAYL","FEW",2400,0,,,,10,63,48,200,"U",7,"F","T",0,30.059999,,,"METAR KSEA 171753Z 20007KT 10SM FEW024 SCT030 SCT045 17/09 A3006 RMK AO2 SLP183 T01720089 10189 20144 51004 $","MINR",,,,0,1,0,0,1,"N",,,,,,"07/22/26 13:28:17","stes-i","VMC",,47.381048,-122.23657
"20260716203408","WPR26LA263","ACC","07/15/26 00:00:00","We",1930,"UTC","Montague","CA","USA","96064",2026,7,,,"414754N","1222816W","EST","SISKIYOU COUNTY","SIY","ONAP",0,0,2651,,,1200,304,"KSIY",2645,0,,,"FEW",12000,0,,,,10,86,43,0,"U",,"F","F",0,30.030001,,,"METAR KSIY 151853Z AUTO 00000KT 10SM FEW120 30/06 A3003 RMK AO2 SLP155 T03000061","NONE",,,,0,0,1,0,1,"N",,,,,,"07/22/26 15:59:06","bakd",,,41.79832,-122.47101
"20260720203421","ERA26LA275","ACC","07/19/26 00:00:00","Su",1745,"UTC","Allisonia","VA","USA","24347",2026,7,,,,,,,,,,,,,,,204,,2693,10,,,"SCAT",,,,,,,,,270,"U",6,"F","T",0,,,,,"NONE",,,,0,0,2,0,2,"N",,,,,,"07/22/26 18:47:08","coej",,,,
"20260322202672","GAA26WA133","ACC","03/20/26 00:00:00","Fr",2045,"UTC","El Cerrito","OF","CO",,2026,3,,,"033757N","0761927W",,,,"OFAP",0,,,,,,0,,,0,,,,0,0,,,,,0,0,0,"U",,"F","F",0,0,,,,"NONE",,,,0,0,2,0,2,"O",,,,,,"07/22/26 20:33:29","grer",,,3.632611,-76.32425000000001
"20110104X53752","ANC11LA007","ACC","01/03/11 00:00:00","Mo",1750,"UTC","New Stuyahok","AK","USA","99636",2011,1,,,"592927N","1571724W","MEAS","New Stuyahok","PANW","ONAP",0,,364,,"PILO",1745,0,"PANW",364,0,"UTC","DAYL","CLER",0,1700,"OVC",,,10,36,0,70,"U",17,"F","F",22,0,,,,"NONE",,,,0,0,1,0,1,"N",,,,,,"07/22/26 20:42:25","dobn","VMC",,59.490756,-157.2901
"20260722203441","WPR26LA273","ACC","07/07/26 00:00:00","Tu",1030,"UTC","Boulder","CO","USA",,2026,7,,,,,,,,,,,,,,,0,,,0,,,,,,,,,,,,0,"U",,"F","F",0,,,,,"MINR",,,,0,1,0,0,1,"N",,,,,,"07/22/26 20:48:28","nixa",,,,
"20260721203436","WPR26LA270","ACC","07/21/26 00:00:00","Tu",1430,"UTC","Malad City","ID","USA","83252",2026,7,,,,,,,,,,,,,"WFAC",,345,,4451,47,,"DAYL","SCAT",,,,,,,,,310,"U",7,"F","T",0,,,,,"NONE",,,,0,0,2,0,2,"N",,,,,,"07/22/26 23:11:07","hicm","VMC",,,
"20260413202803","OPS26LA036","INC","04/08/26 00:00:00","We",1437,"UTC","Orlando","FL","USA","32837",2026,4,,,"282426N","0812449W","MEAS",,,"OFAP",0,,,,"WFAC",1000,82,"KMCO",89,5,,"DAYL","FEW",2600,10000,"BKN",,,10,72,63,60,"U",16,"F","F",20,30.08,,,"METAR KMCO 081353Z 06016G20KT 10SM FEW026 SCT048 BKN100 22/17 A3008 RMK AO2 SLP184 T02170172",,0,0,0,0,0,0,0,,"N",,,,,,"07/23/26 12:47:51","sopb","VMC",,28.407329,-81.413735
"20260720203422","WPR26LA267","ACC","07/18/26 00:00:00","Sa",1830,"UTC","Kemmerer","WY","USA","83101",2026,7,,,"414927N","1103325W",,"KEMMERER MUNI","EMM","ONAP",0,0,7288,,,,0,,,0,,,,0,0,,,,,0,0,0,"U",,"F","F",0,0,,,,"MINR",,,,0,1,0,0,1,"N",,,,,,"07/23/26 16:02:59","stes-i",,,41.824083,-110.55694
"20260710203363","DCA26FA274","ACC","07/10/26 00:00:00","Fr",321,"UTC","Polykastro","OF","GR",,2026,7,,,,,,,,,,,,,,,0,,,0,,,,,,,,,,,,0,"U",,"F","F",0,,,,,"SERS",0,0,0,0,0,147,1,148,"O",,,,,,"07/23/26 16:07:39","brazy",,,,
"20260616203187","ERA26FA239","ACC","06/15/26 00:00:00","Mo",2355,"UTC","Lakeland","FL","USA","33809",2026,6,,,"281155N","0081565W","MEAS",,"LAL","OFAP",0,,,,"WFAC",2000,207,"LAL",142,13,,"DAYL","CLER",0,0,"NONE",,,10,86,72,260,"U",8,"F","T",0,29.99,,,"METAR KLAL 152350Z 26008KT 10SM SKC 30/22 A2999","FATL",0,0,0,1,0,0,0,1,"N",,,,,,"07/23/26 18:00:03","diad","VMC",,28.198604,-81.934625
"20260621203203","DCA26LA242","INC","06/20/26 00:00:00","Sa",1534,"UTC","Boston","MA","USA","02128",2026,6,,,"042225N","0071034W","MEAS","GENERAL EDWARD LAWRENCE LOGAN ","BOS","ONAP",0,335,19,,"WFAC",1135,183,"KBOS",11,0,,"DAYL",,0,5000,"BKN",1413,,10,75,52,270,"U",12,"F","F",30,29.6,,,"KBOS 201535Z 28019G30KT 10SM BKN060 24/11 A2960 320 42 1500 290/19G30 RMK AO2 PK WND 27030/1533 T02440111 $","NONE",0,0,0,0,0,318,0,318,"N",,,,,,"07/23/26 18:00:16","weie1","VMC",,42.367919,-71.009483
"20260710203365","ERA26FA266","ACC","07/10/26 00:00:00","Fr",1145,"UTC","Huntersville","WV","USA","24954",2026,7,,,"038113N","0080016W","EST",,,"OFAP",0,,,,"WFAC",735,148,"HSP",3793,17,,"DAYL",,0,200,"OVC",,,0.25,66,64,270,"U",11,"F","T",0,30.110001,,,"METAR KHSP 101135Z AUTO 27011KT M1/4SM FG OVC002 19/18 A3011 RMK AO2 LTG DSNT N T01850182","FATL",0,0,0,1,0,0,0,1,"N",,,,,,"07/23/26 18:00:30","diad","IMC",,38.184157,-80.00442200000001
"20260713203373","ERA26FA269","ACC","07/12/26 00:00:00","Su",2309,"UTC","Piseco","NY","USA","12139",2026,7,,,"043279N","0743047W","MEAS","PISECO","K09","ONAP",1,119,1703,,"WFAC",1853,99,"GFL",321,40,,"DAYL","CLER",0,0,"NONE",,,10,81,52,150,"U",4,"F","T",0,30.139999,,,"METAR KGFL 122253Z AUTO 15004KT 10SM CLR 27/11 A3014 RMK AO2 SLP205 T02720111 $","FATL",0,0,0,1,0,0,0,1,"N",,,,,,"07/23/26 18:00:42","diad","VMC",,43.452491,-74.513109
"20260714203380","ERA26FA271","ACC","07/14/26 00:00:00","Tu",236,"UTC","Lake Clear","NY","USA","12983",2026,7,,,"442146N","0741340W",,"Adirondack Regional Airport","SLK","ONAP",2,220,1662,,"WFAC",2251,31,"SLK",1659,2,,"NITE","CLER",0,0,"NONE",,,10,66,50,210,"U",8,"F","T",0,30.059999,,,"METAR KSLK 140251Z AUTO 21008KT 10SM CLR 19/10 A3006","FATL",,,,3,0,0,0,3,"N",,,,,,"07/23/26 18:00:54","diad","VMC",,44.3629,-74.227863
"20260715203393","WPR26LA258","ACC","07/12/26 00:00:00","Su",1718,"UTC","Glendale","AZ","USA","85307",2026,7,,,"333137N","1121742W",,"Glendale Regional Airport","GEU","ONAP",1,0,1071,,"WFAC",1000,53,"KGEU",1066,0,,"DAYL","FEW",0,0,"NONE",,,9,97,61,300,"U",6,"F","T",0,29.9,,,"METAR KGEU 121647Z 30006KT 9SM CLR 36/16 A2990","NONE",,,,0,0,2,0,2,"N",,,,,,"07/23/26 18:01:04","stes-i","VMC",,33.526917,-112.29513
"20260721203428","CEN26LA260","ACC","07/20/26 00:00:00","Mo",1600,"UTC","Red Oak","IA","USA","51566",2026,7,,,"040570N","0952050W",,,,"OFAP",0,,,,"WFAC",1100,48,"KRDK",1044,5,,"DAYL","CLER",0,0,"NONE",,,10,90,77,230,"U",8,"F","T",0,29.85,,,"METAR KRDK 201555Z AUTO 23008KT 10SM CLR 32/25 A2985 RMK AO2","NONE",0,0,0,0,0,1,0,1,"N",,,,,,"07/23/26 19:04:46","kaij","VMC",,40.949953,-95.34731600000001
"20260721203429","CEN26LA261","ACC","07/18/26 00:00:00","Sa",1748,"UTC","Alton","IL","USA","62002",2026,7,,,"385324N","0090246W",,"ST LOUIS RGNL","ALN","ONAP",0,0,543,,"WFAC",1300,204,"KALN",543,0,,"DAYL","SCAT",3500,4200,"BKN",,,10,90,75,280,"U",8,"F","T",0,29.99,,,"METAR KALN 181750Z 28008KT 10SM SCT035 BKN042 BKN050 32/24 A2999","NONE",0,0,0,0,0,2,0,2,"N",,,,,,"07/23/26 19:08:31","kaij","VMC",,38.889917,-90.04600000000001
"20260721203435","CEN26LA264","ACC","07/17/26 00:00:00","Fr",2,"UTC","Saint Joseph","IL","USA","61873",2026,7,,,"040740N","0088442W",,,,,0,,,,"WFAC",1900,238,"KCMI",743,11,,"DAYL","FEW",3200,7000,"BKN",,,10,88,73,0,"U",,"F","F",0,30.030001,,,"METAR KCMI 162353Z 00000KT 10SM FEW032 BKN070 31/23 A3003 RMK AO2 SLP163 T03110233 10322 20294 55007","SERS",0,0,0,0,0,0,1,1,"N",,,,,,"07/23/26 19:09:54","kaij","VMC",,40.12778,-88.07843
"20260723203447","GAA26WA257","ACC","03/13/26 00:00:00","Fr",1324,"UTC","Cima di Lago","OF","CH",,2026,3,,,,,,,,,,,,,,,0,,,0,,,,,,,,,,,,0,"U",,"F","F",0,,,,,"FATL",,,,1,0,0,0,1,"O",,,,,,"07/23/26 19:10:12","tora-c",,,,
"20260723203448","GAA26WA258","ACC","07/15/26 00:00:00","We",,"UTC","Barinas","OF","VE",,2026,7,,,,,,,,,,,,,,,0,,,0,,,,,,,,,,,,0,"U",,"F","F",0,,,,,"FATL",,,,2,0,0,0,2,"O",,,,,,"07/23/26 23:45:59","schl",,,,
"20231017193250","GAA24WA010","ACC","10/10/23 00:00:00","Tu",910,"UTC","Bondeno","OF","IT",,2023,10,,,"445316N","0112649E",,,,,0,,,,,,0,,,0,,,,0,0,,,,,0,0,0,"U",,"F","F",0,0,,,,"FATL",,,,2,0,0,0,2,"O",,,,,,"07/23/26 23:51:47","schl",,,44.887858,11.446882
"20260723203450","GAA26WA259","ACC","07/06/26 00:00:00","Mo",1815,"UTC","Navegantes","OF","BR",,2026,7,,,,,,,,,0,,,,,,0,,,0,,,,0,0,,,,,0,0,0,"U",,"F","F",0,0,,,,"SERS",,,,0,0,0,2,2,"O",,,,,,"07/24/26 00:05:20","cawj",,,,
"20230112106567","GAA23WA055","ACC","01/06/23 00:00:00","Fr",1920,"UTC","Marabá Paulista",,"BR",,2023,1,,,"221314S","0052736W","MEAS",,"SDNE","OFAP",0,,,,,,0,,,0,,,,0,0,,,,,0,0,0,"U",,"F","F",0,0,,,,"FATL",,,,1,0,0,0,1,"O",,,,,,"07/24/26 00:06:02","schl",,,-22.22056,-52.12667
"20250826200868","GAA25WA244","ACC","07/22/25 00:00:00","Tu",1016,"UTC","Azzano Mella","OF","IT",,2025,7,,,,,,,,,0,,,,,,0,,,0,,,,0,0,,,,,0,0,0,"U",,"F","F",0,0,,,,"FATL",0,0,0,2,0,0,0,2,"O",,,,,,"07/24/26 00:06:57","schl",,,,
"20251031201940","GAA25WA277","ACC","09/14/25 00:00:00","Su",1443,,"Bibai City",,"JP",,2025,9,,,,,,,,,0,,,,,,0,,,0,,,,0,0,,,,,0,0,0,"U",,"F","F",0,0,,,,"NONE",,,,0,0,2,0,2,"O",,,,,,"07/24/26 00:07:25","schl",,,,
"20251204202103","GAA26WA037","ACC","11/27/25 00:00:00","Th",1104,"UTC","Nanaimo","OF","CA",,2025,11,,,,,,,,,0,,,,,,0,,,0,,,,0,0,,,,,0,0,0,"U",,"F","F",0,0,,,,"FATL",,,,1,0,0,0,1,"O",,,,,,"07/24/26 00:08:09","schl",,,,
"20260609203152","GAA26WA214","ACC","05/31/26 00:00:00","Su",1515,,"Vitoria","OF","BR",,2026,5,,,,,,,,,0,,,,,,0,,,0,,,,0,0,,,,,0,0,0,"U",,"F","F",0,0,,,,"NONE",,,,0,0,10,0,10,"O",,,,,,"07/24/26 00:08:38","schl",,,,
"20260614203172","GAA26WA216","ACC","06/14/26 00:00:00","Su",1200,"UTC","Recreio dos Bandeirantes, Rio de Janeiro.","OF","BR",,2026,6,"Y","N",,,,,,,0,,,,,,0,,,0,,,,0,0,,,,,0,0,0,"U",,"F","F",0,0,,,,"FATL",,,,9,0,0,0,9,"O",,,,,,"07/24/26 00:12:44","schl",,,,
"20260330202713","GAA26WA141","ACC","03/20/26 00:00:00","Fr",1840,"UTC","Les Cayes","OF","HT",,2026,3,,,,,,,,,0,,,,,,0,,,0,,,,0,0,,,,,0,0,0,"U",,"F","F",0,0,,,,"NONE",,,,0,0,8,0,8,"O",,,,,,"07/24/26 00:13:23","schl",,,,
"20251212202148","GAA26WA047","ACC","12/11/25 00:00:00","Th",1054,,"Trinidad","OF","BO",,2025,12,,,,,,,,,0,,,,,,0,,,0,,,,0,0,,,,,0,0,0,"U",,"F","F",0,0,,,,"MINR",,,,0,1,1,0,2,"O",,,,,,"07/24/26 00:13:45","schl",,,,
"20241003195255","GAA24WA303","ACC","09/26/24 00:00:00","Th",2115,"UTC","CUIABÁ - MATO GROSSO","OF","BR",,2024,9,,,,,,,"SBCY",,0,,,,,,0,,,0,,,,0,0,,,,,0,0,0,"U",,"F","F",0,0,,,,"MINR",,,,0,4,0,0,4,"O",,,,,,"07/24/26 00:14:46","schl",,,,
"20260714203383","CEN26LA250","ACC","07/09/26 00:00:00","Th",1900,"UTC","Utica","MN","USA",,2026,7,,,,,,,,,,,,,,,0,,,0,,,,,,,,,,,,0,"U",,"F","F",0,,,,,"SERS",,,,0,0,0,1,1,"N",,,,,,"07/24/26 14:27:16","brajo",,,,
"20260721203440","CEN26LA265","ACC","07/20/26 00:00:00","Mo",1340,"UTC","San Antonio","TX","USA",,2026,7,,,,,,,,,,,,,,,0,,,0,,,,,,,,,,,,0,"U",,"F","F",0,,,,,"SERS",,,,0,0,1,1,2,"N",,,,,,"07/24/26 16:09:28","kaij",,,,
"20260529203075","CEN26LA202","ACC","05/22/26 00:00:00","Fr",2340,"UTC","Comanche","TX","USA","76442",2026,5,,,"315525N","0983543W",,"Comanche County-City Airport","MKN","ONAP",0.30000001,45,1387,,"WFAC",1835,211,"KMKN",1388,0,,"DAYL","CLER",0,0,"NONE",,,10,86,68,140,"U",6,"F","T",0,29.809999,,,"METAR KMKN 222335Z AUTO 14006KT CLR 30/20 A2981 RMK AO2 T02970195 PWINO=","NONE",,0,,0,0,2,0,2,"N",,,,,,"07/24/26 18:00:09","kaij","VMC",,31.923719,-98.595169
"20260622203216","ERA26LA244","ACC","06/20/26 00:00:00","Sa",1430,"UTC","Naples","FL","USA","34112",2026,6,,,"002670N","0081428W","MEAS","WING SOUTH AIRPARK","FA37","ONAP",0,145,9,,,1030,168,"MKY",5,7,,"DAYL",,0,2800,"BKN",,,10,90,75,240,"U",6,"F","T",0,30.040001,,,"SPECI KMKY 201430Z AUTO 24006KT 10SM BKN028 BKN037 BKN043 32/24 A3004 RMK AO2 PNO $","NONE",0,0,0,0,0,4,0,4,"N",,,,,,"07/24/26 18:00:12","diad","VMC",,26.116584,-81.702287
"20260624203236","ERA26LA246","ACC","06/15/26 00:00:00","Mo",1210,"UTC","Provincetown","MA","USA","02657",2026,6,,,"042430N","0701254W","MEAS","Provincetown Municipal Airport","PVC","ONAP",0,,8,,"WFAC",800,62,"KPVC",8,0,,"DAYL",,0,200,"OVC",,,5,68,32,190,"U",8,"F","T",0,29.58,,,"KPVC 151156Z AUTO 19008KT 5SM HZ OVC002 20/ A2958 RMK AO2 SLP015 6//// 7//// T0200 10206 20194 55006 PNO $","SERS",,,,0,0,2,1,3,"N",,,,,,"07/24/26 18:00:13","diad","VMC",,42.074943,-70.215118
"20260708203355","WPR26LA251","ACC","07/07/26 00:00:00","Tu",1900,"UTC","Novato","CA","USA","94945",2026,7,,,"038853N","1223337W",,"GNOSS FLD","DVO","ONAP",0.1,0,4,,"WFAC",1200,41,"KDVO",4,1,,"DAYL","SCAT",1500,1900,"BKN",,,10,64,55,250,"U",8,"F","F",14,30.049999,,,"METAR KDVO 071855Z AUTO 25008G14KT 210V280 10SM BKN019 18/13 A3005 RMK AO2","NONE",,,,0,0,2,0,2,"N",,,,,,"07/24/26 18:00:16","cawj","VMC",,38.147964,-122.5603
"20260528203066","GAA26WA201","INC","05/27/26 00:00:00","We",2100,"UTC","Aguadulce District","OF","PA",,2026,5,,,"081336N","0803442W",,,,"OFAP",0,,,,,,0,,,0,,,,0,0,,,,,0,0,0,"U",,"F","F",0,0,,,,"NONE",0,0,0,0,0,2,0,2,"O",,,,,,"07/27/26 11:51:08","linj-i",,,8.226667000000001,-80.578333
"20260721203433","GAA26WA255","ACC","07/15/26 00:00:00","We",2035,"UTC","Gachancipa","OF","CO",,2026,7,,,,,,,,,0,,,,,,0,,,0,,,,0,0,,,,,0,0,0,"U",,"F","F",0,0,,,,"NONE",,,,0,0,2,0,2,"O",,,,,,"07/27/26 12:37:24","aguj",,,,
"20260724203453","WPR26LA274","ACC","07/23/26 00:00:00","Th",1720,"UTC","Sucia Island","WA","USA",,2026,7,,,,,,,,,,,,,,,0,,,0,,,,,,,,,,,,0,"U",,"F","F",0,,,,,,,,,0,0,0,0,,"N",,,,,,"07/27/26 13:20:43","jacky",,,,
"20260609203151","CEN26LA221","ACC","05/20/26 00:00:00","We",1850,"UTC","Gause","TX","USA","77857",2026,5,,,"304641N","0096475W",,,,"OFAP",0,,,,,,0,,,0,,,,0,0,,,,,0,0,0,"U",,"F","F",0,0,,,,"NONE",,,,0,0,1,0,1,"N",,,,,,"07/27/26 14:46:57","saua",,,30.77806,-96.78465
"20260716203406","CEN26LA256","ACC","07/16/26 00:00:00","Th",42,"UTC","Coralville","IA","USA","52246",2026,7,,,"413749N","0091397W",,,,"OFAP",0,,,,"WFAC",2000,84,"KIOW",652,5,,"DAYL",,0,4900,"BKN",,,10,88,73,180,"U",3,"F","T",0,30.049999,,,"METAR KIOW 160052Z AUTO 18003KT 10SM BKN049 31/23 A3005 RMK AO2 SLPNO T03060228 $","NONE",0,0,0,0,0,1,0,1,"N",,,,,,"07/27/26 14:47:19","hodm","VMC",,41.630241,-91.651973
"20260727203457","GAA26WA263","ACC","07/23/26 00:00:00","Th",615,"UTC","Trompsburg districts","OF","ZA",,2026,7,,,,,,,,,,,,,,,0,,,0,,,,,,,,,,,,0,"U",,"F","F",0,,,,,"SERS",,,,0,0,0,1,1,"O",,,,,,"07/27/26 17:14:04","masc",,,,
"20260727203455","GAA26WA261","INC","07/14/26 00:00:00","Tu",1403,"UTC","Mengeringhausen","OF","DE",,2026,7,,,,,,,,"OFAP",0,,,,,,0,,,0,,,,0,0,,,,,0,0,0,"U",,"F","F",0,0,,,,"FATL",0,0,0,1,0,0,0,1,"O",,,,,,"07/27/26 19:55:24","linj-i",,,,
"20260727203456","WPR26LA275","ACC","07/22/26 00:00:00","We",1129,"UTC","Cougar","WA","USA",,2026,7,,,,,,,,,,,,,,,0,,,0,,,,,,,,,,,,0,"U",,"F","F",0,,,,,"MINR",,,,0,1,0,0,1,"N",,,,,,"07/27/26 20:00:48","cort",,,,
"20260720203424","ANC26LA073","ACC","07/19/26 00:00:00","Su",1243,"UTC","Springfield","MO","USA","65803",2026,7,,,"371431N","0093238W",,"Springfield-Branson National A","SGF","ONAP",0,,1268,,"WFAC",700,241,"KSGF",1270,0,,"DAYL","FEW",5500,0,,,,10,73,72,0,"U",,"F","F",0,30.030001,,,"METAR KSGF 191152Z 00000KT 10SM FEW055 23/22 A3003 RMK AO2 SLP152 60000 70001 T02330222 10250 20228 50005 $","NONE",,,,0,0,1,0,1,"N",,,,,,"07/27/26 20:01:29","johc","VMC",,37.242044,-93.38545499999999
"20260720203425","ANC26LA074","ACC","07/16/26 00:00:00","Th",1845,"UTC","Englewood","CO","USA","80112",2026,7,,,"393412N","1045020W",,"CENTENNIAL AIRPORT","APA","ONAP",0,,5885,,"WFAC",1200,215,"KAPA",5870,1,,"DAYL","FEW",14000,0,,,,10,82,48,110,"U",4,"F","T",0,30.18,,,"METAR KAPA 161753Z 11004KT 10SM FEW140 FEW250 28/09 A3018 RMK AO2 SLP132 T02780089 10278 20183 58008 $","MINR",,,,0,2,0,0,2,"N",,,,,,"07/27/26 20:02:33","johc","VMC",,39.56989,-104.83889
"20260617203192","ERA26LA240","ACC","06/05/26 00:00:00","Fr",1500,"UTC","Silver Spring","MD","USA","20901",2026,6,,,"003900N","0007700W","MEAS",,,,0,,,,"WFAC",1100,107,"KCGS",50,4,,"DAYL","CLER",0,0,"NONE",,,10,84,55,10,"U",4,"F","T",0,30.07,,,"METAR KCGS 051455Z AUTO 01004KT 10SM CLR 29/13 A3007 RMK AO2 T02900133","MINR",,,,0,1,0,0,1,"N",,,,,,"07/27/26 20:43:16","schl","VMC",,39,-77
"20260727203462","ERA26LA281","ACC","07/18/26 00:00:00","Sa",1500,"UTC","Mooresville","NC","USA","28117",2026,7,,,,,,,,,,,,,"WFAC",,343,,965,9,,"DAYL","CLER",,,"NONE",,,,,,240,"U",5,"F","T",0,,,,,"NONE",0,0,0,0,0,1,0,1,"N",,,,,,"07/27/26 21:19:43","gald","VMC",,,
"20260721203431","CEN26LA262","ACC","07/20/26 00:00:00","Mo",1630,"UTC","Janesville","WI","USA","53546",2026,7,,,"423723N","0089211W",,,"JVL",,0,,,,,,0,,,0,,,,0,0,,,,,0,0,0,"U",,"F","F",0,0,,,,"NONE",0,0,0,0,0,3,0,3,"N",,,,,,"07/28/26 12:43:34","saua",,,42.62297,-89.036389
"20260715203401","CEN26LA255","ACC","11/21/25 00:00:00","Fr",1850,"UTC","Farmington","MO","USA",,2025,11,,,,,,,,,,,,,,,0,,,0,,,,,,,,,,,,0,"U",,"F","F",0,,,,,,,,,0,0,0,0,,"N",,,,,,"07/28/26 13:53:08","rutb",,,,
"20260727203464","CEN26LA269","ACC","07/27/26 00:00:00","Mo",819,"UTC","Livonia","MO","USA",,2026,7,,,,,,,,,,,,,,,0,,,0,,,,,,,,,,,,0,"U",,"F","F",0,,,,,"NONE",,0,,0,0,1,0,1,"N",,,,,,"07/28/26 15:08:29","sort",,,,
"20260728203471","CEN26LA271","ACC","07/24/26 00:00:00","Fr",1531,"UTC","Carroll","IA","USA",,2026,7,,,,,,,,,,,,,,,0,,,0,,,,,,,,,,,,0,"U",,"F","F",0,,,,,"NONE",,,,0,0,1,0,1,"N",,,,,,"07/28/26 15:22:22","aguj",,,,
"20260728203470","WPR26LA279","ACC","07/15/26 00:00:00","We",25,"UTC","Medford","OR","USA","97504",2026,7,,,,,,,,,,,,,"WFAC",,271,,1313,0,,,"CLER",,,"NONE",,,,,,320,"U",15,"F","F",20,,,,,"NONE",,,,0,0,2,0,2,"N",,,,,,"07/28/26 16:35:29","nixa",,,,
"20260630203293","ANC26LA066","ACC","06/29/26 00:00:00","Mo",2345,"UTC","Petersburg","VA","USA","23803",2026,6,,,"371141N","0077299W","EST","Tri Cities Executive/Dinwiddie","PTB","ONAP",1.2,60,193,,"WFAC",1935,224,"KPTB",193,1,,"DAYL","CLER",0,0,"NONE",,,10,82,68,70,"U",4,"F","T",0,30.110001,,,"KPTB 292335Z AUTO 07004KT 10SM -RA CLR 28/20 A3011 RMK AO2 T02750196","SERS",,,,0,1,0,1,2,"N",,,,,,"07/28/26 18:00:02","rasm","VMC",,37.194609,-77.485962
"20260710203364","WPR26FA254","ACC","07/10/26 00:00:00","Fr",348,"UTC","Waterloo","IL","USA","62298",2026,7,,,"381734N","0009061W","MEAS",,,"OFAP",0,,,,"WFAC",2300,352,"KCPS",405,16,,"NITE",,0,7000,"BKN",,,10,77,73,0,"U",,"F","F",0,29.85,,,"METAR KCPS 100353Z AUTO 00000KT 10SM VCTS BKN070 OVC095 25/23 A2985 RMK AO2 LTG DSNT SE-W TSE48 SLP104 T02500233 $","FATL",,,,2,0,0,0,2,"N",,,,,,"07/28/26 18:00:06","cawj","IMC",,38.2928,-90.10039999999999
"20260713203376","ERA26FA270","ACC","07/13/26 00:00:00","Mo",1514,"UTC","Metter","GA","USA","30439",2026,7,,,"322129N","0008263W",,"JOHN EDWIN JONES SR FLD/METTER","MHP","ONAP",1.3,226,197,,"WFAC",1115,197,"MHP",274,1,,"DAYL",,0,2200,"BKN",,,10,84,75,0,"U",,"F","F",0,30.110001,,,"METAR KMHP 131515Z AUTO 00000KT 10SM BKN022 BKN026 29/24 A3011 RMK AO2 T02870237=","FATL",0,0,0,1,0,0,0,1,"N",,,,,,"07/28/26 18:00:08","diad","VMC",,32.358113,-82.100859
"20260708203345","GAA26WA247","ACC","05/21/26 00:00:00","Th",730,"UTC","Roszczep","OF","PL",,2026,5,,,"522622N","0211928E","MEAS",,,,0,,,,,,0,,,0,,,,0,0,,,,,0,0,0,"U",,"F","F",0,0,,,,"NONE",0,0,0,0,0,2,0,2,"O",,,,,,"07/27/26 11:50:57","linj-i",,,52.439507,21.32442
"20260708203349","CEN26LA245","ACC","07/02/26 00:00:00","Th",1212,"UTC","Wolcott","IN","USA","47995",2026,7,,,"404521N","0087338W",,,,"OFAP",0,,,,"WFAC",815,334,"KRZL",696,13,,"DAYL","CLER",0,0,"NONE",,,10,81,77,220,"U",6,"F","T",0,30.1,,,"METAR KRZL 021315Z AUTO 22006KT 10SM CLR 27/25 A3010 RMK AO2","SERS",,,1,0,0,1,0,2,"N",,,,,,"07/23/26 18:50:22","aguj","VMC",,40.755883,-87.060475
"20260707203330","ERA26LA262","ACC","06/29/26 00:00:00","Mo",1645,"UTC","Easton","MD","USA","21601",2026,6,,,"384825N","0076412W","MEAS","EASTON/NEWNAM FLD","ESN","ONAP",0.2,0,72,,"WFAC",1145,163,"KESN",72,0,,"DAYL","CLER",0,0,"NONE",,,10,82,63,210,"U",5,"F","T",0,30.15,,,"METAR KESN 301545Z 21005KT 10SM CLR 28/17 A3015=","NONE",0,0,0,0,0,3,0,3,"N",,,,,,"07/23/26 18:48:24","waid","VMC",,38.806873,-76.070111
"20260707203340","WPR26LA248","ACC","07/03/26 00:00:00","Fr",2000,"UTC","Saratoga","WY","USA","82331",2026,7,,,"412637N","1064939W",,"Shiley Field Airport","SAA","ONAP",0,,7014,,"WFAC",1415,323,"KSAA",7016,0,,"DAYL",,0,11000,"BKN",,,10,73,25,330,"U",3,"F","F",14,30.24,,,"METAR KSAA 032015Z AUTO 33003G14KT 10SM BKN110 23/M04 A3024 RMK AO2","NONE",,,,0,0,2,0,2,"N",,,,,,"07/23/26 17:01:27","stes-i","VMC",,41.443528,-106.82752
"20260706203325","GAA26WA241","ACC","06/28/26 00:00:00","Su",1530,"UTC","Neropolis","OF","BR",,2026,6,,,"162620S","0491158W",,"Dezoito Aerodrome","SWDT","ONAP",0,0,,,,,0,,,0,,,,0,0,,,,,0,0,0,"U",,"F","F",0,0,,,,"MINR",,,,0,1,0,0,1,"O",,,,,,"07/22/26 17:24:15","diad",,,-16.438889,-49.199444
"20260728203473","GAA26WA264","INC","07/25/26 00:00:00","Sa",1600,"UTC","Gloucestershire","OF","GB",,2026,7,,,,,,,,,0,,,,,,0,,,0,,,,0,0,,,,,0,0,0,"U",,"F","F",0,0,,,,"NONE",,,,0,0,2,0,2,"O",,,,,,"07/28/26 18:41:41","hodm",,,,
"20260715203395","DCA26LA282","ACC","07/14/26 00:00:00","Tu",2148,"UTC","New York","NY","USA","11371",2026,7,,,"404652N","0735227W",,"LAGUARDIA","LGA","ONAP",0,343,20,,"WFAC",1700,270,"KLGA",31,0,,,"FEW",20000,32000,"BKN",,,10,91,68,220,"U",14,"F","T",0,29.92,,,"METAR KLGA 142051Z 22014KT 10SM FEW200 SCT250 BKN320 33/20 A2992 RMK AO2 SLP133 FU BKN320 T03330200 58024 $","NONE",,,,0,0,194,0,194,"N",,,,,,"07/28/26 18:59:53","band",,,40.781109,-73.874162
"20260728203475","GAA26WA265","ACC","07/11/26 00:00:00","Sa",1800,"UTC","RORAINÓPOLIS ","OF","BR",,2026,7,,,,,,,,,,,,,,,0,,,0,,,,,,,,,,,,0,"U",,"F","F",0,,,,,"FATL",,,,1,0,0,1,2,"O",,,,,,"07/28/26 19:12:10","masc",,,,
"20260727203460","WPR26LA278","ACC","07/23/26 00:00:00","Th",1750,"UTC","Wills Point","TX","USA","75169",2026,7,,,"032415N","0955859W",,"Van Zandt County Regional Airp","76F","ONAP",0,,522,,"WFAC",1300,277,"KTRL",469,15,,"DAYL","CLER",0,0,"NONE",,,10,91,73,60,"U",7,"F","F",16,29.98,,,"METAR KTRL 231753Z AUTO 06007G16KT 10SM CLR 33/23 A2998 RMK AO2 SLP145 T03330228 10333 20239 56005","NONE",,,,0,0,1,0,1,"N",,,,,,"07/28/26 19:22:50","stes-i","VMC",,32.68472,-95.98316
"20260706203316","ERA26LA259","ACC","07/06/26 00:00:00","Mo",100,"UTC","Hickman","KY","USA","42050",2026,7,,,"036330N","0891445W","MEAS",,,"ONAP",0,,,,"WFAC",2000,129,"KUCY",341,16,,,"FEW",9500,0,,,,10,73,73,140,"U",6,"F","T",0,29.9,,,"METAR KUCY 060055Z AUTO 14006KT 10SM FEW095 23/23 A2990","SERS",,,,0,0,0,1,1,"N",,,,,,"07/29/26 12:34:35","ramh",,,36.550059,-89.245879
"20260728203468","ERA26LA283","ACC","07/23/26 00:00:00","Th",1840,"UTC","Kearneysville","WV","USA","25430",2026,7,,,,,,,,,,,,,"WFAC",,356,,534,5,,,"CLER",,,"NONE",,,,,,0,"Y",,"T","T",0,,,,,"SERS",0,0,0,0,0,0,2,2,"N",,,,,,"07/29/26 12:36:53","ramh",,,,
"20260727203459","WPR26LA277","ACC","07/21/26 00:00:00","Tu",1958,"UTC","Stonewall","OK","USA","74871",2026,7,,,"034393N","0963641W","MEAS",,,"OFAP",0,,,,"WFAC",1435,342,"KADH",1016,10,,"DAYL","CLER",0,0,"NONE",,,9,102,75,0,"U",,"F","F",0,29.91,,,"METAR KADH 211935Z AUTO 00000KT 9SM CLR 39/24 A2991 RMK AO2","SERS",,,,0,0,0,1,1,"N",,,,,,"07/29/26 13:34:00","slis","VMC",,34.65082,-96.61133
"20140909X92814","WPR14LA371","ACC","09/09/14 00:00:00","Tu",1700,"UTC","Buckeye","AZ","USA","85326",2014,9,,,"331048N","0011330W","MEAS",,,"OFAP",0,,,,"PILO",1655,137,"KGBN",858,24,"UTC","DAYL","CLER",0,0,"UNK",,,10,84,68,220,"U",7,"F","T",0,28.889999,,,,"NONE",,,,0,0,1,0,1,"N",,,,,,"07/29/26 15:47:51","dobn","VMC",,33.18,-113.050003
"20260429202907","GAA26WA178","ACC","04/27/26 00:00:00","Mo",945,,"Jubasu","OF","SD",,2026,4,,,,,,,,,0,,,,,,0,,,0,,,,0,0,,,,,0,0,0,"U",,"F","F",0,0,,,,"FATL",,,,14,0,0,0,14,"O",,,,,,"07/29/26 15:48:19","salf",,,,
"20260520203025","GAA26WA195","INC","05/01/26 00:00:00","Fr",616,"UTC","Victoria","OF","AU",,2026,5,,,,,,,,,0,,,,,,0,,,0,,,,0,0,,,,,0,0,0,"U",,"F","F",0,0,,,,"NONE",,,,0,0,3,0,3,"O",,,,,,"07/29/26 15:49:17","salf",,,,
"20260629203276","GAA26WA233","ACC","06/25/26 00:00:00","Th",27,"UTC","Fort Simpson","OF","CA",,2026,6,,,,,,,,,0,,,,,,0,,,0,,,,0,0,,,,,0,0,0,"U",,"F","F",0,0,,,,"FATL",,,,3,0,0,0,3,"O",,,,,,"07/29/26 15:49:44","salf",,,,
"20170724X61747","CEN17LA282","ACC","07/24/17 00:00:00","Mo",330,"UTC","Wichita Falls","TX","USA","76367",2017,7,,,"335639N","0983647W","MEAS","Wichita Valley","F14","ONAP",0,141,1004,,"WFAC",331,20,"KSPS",1019,7,"UTC","NDRK",,0,8000,"BKN",,,10,75,72,30,"U",12,"F","T",0,30,,,,"SERS",,,,0,0,0,1,1,"N",,,,,,"07/29/26 15:57:36","dobn","VMC",,33.944168,-98.613052
"20081004X12058","CHI08CA290","ACC","09/17/08 00:00:00","We",620,"UTC","Redding","IA","USA","50860",2008,9,,,"403622N","0942313W",,,,"OFAP",0,,,,,,0,,,0,,"DAYL",,0,0,,,,,0,0,0,"U",,"F","F",0,0,,,,"NONE",,,,0,0,1,0,1,"N",,,,,,"07/29/26 16:50:28","dobn","VMC",,40.606109,-94.38694700000001
"20260715203402","ANC26LA071","ACC","07/11/26 00:00:00","Sa",100,"UTC","Skwentna","AK","USA","99667",2026,7,,,,,,,,,,,,,"WFAC",,104,,356,31,,"DAYL","CLER",,,"NONE",,,,,,210,"U",5,"F","T",0,,,,,"SERS",,,,0,0,0,1,1,"N",,,,,,"07/29/26 17:12:48","warm","VMC",,,
"20080226X00236","LAX08CA054","ACC","01/30/08 00:00:00","We",445,"UTC","Brawley","CA","USA","92227",2008,1,,,"033210N","1153110W",,"BRAWLEY MUNI","BWC","OFAP",4,,,,"PILO",,0,,,0,,"NITE","CLER",0,0,"NONE",,,25,61,0,290,"U",3,"F","T",0,0,,,,"NONE",,,,0,0,1,0,1,"N",,,,,,"07/29/26 17:48:33","dobn","VMC",,33.036109,-115.519447
"20080904X01380","MIA08CA145","ACC","07/19/08 00:00:00","Sa",1800,"UTC","Greensburg","KY","USA","42743",2008,7,,,"371539N","0852956W",,,,"OFAP",0,,,,"WFAC",1758,240,"GLW",716,20,"UTC","DAYL","CLER",0,0,"NONE",,,10,90,66,260,"U",4,"F","T",0,30.059999,,,,"SERS",,,,0,1,0,1,2,"N",,,,,,"07/29/26 17:56:20","dobn","VMC",,37.260833,-85.498886
"20240430194178","CEN24FA170","ACC","04/30/24 00:00:00","Tu",1818,"UTC","Bristol","IN","USA","46507",2024,4,,,"414337N","0855038W","EST",,,"OFAP",0,,,,"WFAC",1415,265,"KEKM",778,6,,"DAYL","CLER",0,0,"NONE",,,10,66,48,280,"U",9,"F","T",0,29.959999,,,"KEKM 301815Z 28009KT 250V310 10SM CLR 19/09 A2996 RMK AO2 WSHFT 1804 T01880087","FATL",0,0,0,2,0,0,0,2,"N",,,,,,"07/29/26 18:00:02","coln","VMC",,41.72703,-85.84397
"20240515194259","WPR24FA150","ACC","05/14/24 00:00:00","Tu",1320,"UTC","Thurlow","MT","USA","59347",2024,5,,,"461944N","1062228W","MEAS",,,"OFAP",0,,,,"WFAC",753,265,"KBIL",3590,107,,"DAYL","SCAT",8000,0,,,,10,55,46,220,"U",9,"F","T",0,29.889999,,,"KBIL 141353Z 22009KT 10SM SCT080 SCT220 13/08 A2989 RMK AO2 SLP102 SHRA DSNT E-SE T01330078 $","FATL",,,,2,0,0,0,2,"N",,,,,,"07/29/26 18:00:06","salf","VMC",,46.32891,-106.37453
"20240705194615","CEN24FA248","ACC","07/05/24 00:00:00","Fr",1301,"UTC","Andale","KS","USA","67001",2024,7,,,"037476N","0973818W","MEAS",,,"OFAP",0,,,,"WFAC",753,130,"ICT",1340,13,,"DAYL","FEW",12000,16000,"BKN",,,10,70,63,300,"U",4,"F","T",0,30.07,,,"KICT 051253Z 30004KT 10SM FEW120 BKN160 BKN200 21/17 A3007 RMK AO2 SLP170 T02110167","FATL",0,0,0,1,0,0,0,1,"N",,,,,,"07/29/26 18:00:12","coln","VMC",,37.78511,-97.63838800000001
"20240710194667","WPR24FA238","ACC","07/10/24 00:00:00","We",1810,"UTC","Helena","MT","USA","59602",2024,7,,,"463956N","1114832W",,"HELENA RGNL","HLN","ONAP",8,64,3877,,"WFAC",1153,240,"KHLN",3877,8,,"DAYL","CLER",0,0,"NONE",,,10,90,48,50,"U",5,"F","T",0,30.049999,,,"METAR KHLN 101753Z 05005KT 10SM CLR 32/09 A3005 RMK AO2 SLP144 T03170089 10317 20172 58009 $=","FATL",,,,1,0,0,0,1,"N",,,,,,"07/29/26 18:00:14","lama1","VMC",,46.66547,-111.80897
"20240715194694","WPR24LA240","ACC","07/13/24 00:00:00","Sa",1350,"UTC","Soldier","ID","USA","83327",2024,7,,,"432534N","1144756W","MEAS",,,"OFAP",0,,,,"WFAC",752,78,"KSUN",5306,22,,"DAYL","CLER",0,0,"NONE",,,10,64,36,310,"U",10,"F","F",18,30.25,,,"KSUN 131352Z 31010G18KT 10SM CLR 18/02 A3025","MINR",,,,0,2,0,0,2,"N",,,,,,"07/29/26 18:00:17","coln","VMC",,43.42602,-114.79896
"20240906195068","CEN24FA340","ACC","09/06/24 00:00:00","Fr",1349,"UTC","Anderson","IN","USA","46017",2024,9,,,"040536N","0853514W","EST","Anderson Municipal","AID","OFAP",1.6,127,919,,"WFAC",959,307,"KAID",919,2,,"DAYL",,0,6000,"BKN",,,10,70,64,0,"U",0,"F","F",0,30.040001,,,"KAID 061359Z 00000KT 10SM BKN060/ BKN110 21/18 A3004","FATL",,0,,4,0,0,0,4,"N",,,,,,"07/29/26 18:00:19","coln","VMC",,40.093333,-85.587333
"20240907195073","WPR24FA298","ACC","09/06/24 00:00:00","Fr",1959,"UTC","Yacolt","WA","USA","98675",2024,9,,,"454658N","1221023W",,,,"OFAP",0,,,,"WFAC",1253,200,"KTTD",25,17,,"DAYL","CLER",0,0,"NONE",,,10,88,57,310,"U",5,"F","F",0,29.940001,,," KTTD 061953Z 31005KT 10SM CLR 31/14 A2994","FATL",,,,1,0,0,1,2,"N",,,,,,"07/29/26 18:00:22","coln","VMC",,45.7829,-122.17305
"20240913195117","CEN24LA357","ACC","09/01/24 00:00:00","Su",2020,"UTC","Mandan","ND","USA","58554",2024,9,,,"464625N","1005357W",,"MANDAN RGNL/LAWLER FLD","Y19","ONAP",0.5,330,1944,,"WFAC",1515,0,"KY19",1944,0,,"DAYL","CLER",0,0,,,,10,75,48,170,"U",7,"F","T",0,30.280001,,,"KY19 012015Z AUTO 17007KT 10SM CLR 24/09 A3028 RMK AO2","NONE",,0,,0,0,2,0,2,"N",,,,,,"07/29/26 18:00:24","coln","VMC",,46.77369,-100.89914
"20240916195129","WPR24LA305","ACC","09/08/24 00:00:00","Su",1350,"UTC","Cottonwood","AZ","USA","86326",2024,9,,,"034430N","0112142W",,"COTTONWOOD","P52","ONAP",1,158,3560,,"WFAC",653,259,"KPRC",5012,20,,"DAYL","CLER",0,0,"NONE",,,10,66,37,140,"U",2,"F","T",0,29.99,,,,"SERS",,0,,0,0,0,1,1,"N",,,,,,"07/29/26 18:00:26","umja-c","VMC",,34.716665,-112.02838
"20260416202832","ERA26LA176","ACC","04/15/26 00:00:00","We",1425,"UTC","Levittown","PR","USA","00949",2026,4,,,"182718N","0661041W",,,,"OFAP",0,,,,"WFAC",1050,89,"TJIG",10,5,,"DAYL","SCAT",3000,0,"NONE",,,10,81,72,90,"U",8,"F","T",0,29.950001,,,"METAR TJIG 151450Z 09008KT 10SM SCT030 SCT070 27/22 A2995 RMK ATIS E","NONE",,,,0,0,1,0,1,"N",,,,,,"07/29/26 18:00:27","coln","VMC",,18.455098,-66.178012
"20260714203391","CEN26LA254","ACC","07/13/26 00:00:00","Mo",1400,"UTC","Larkspur","CO","USA","80118",2026,7,,,"391343N","1045314W","MEAS","Perry Park","CO93","OFAP",4,270,6700,,"WFAC",754,160,"KCOS",6182,27,,"DAYL","CLER",0,0,"NONE",,,10,66,55,110,"U",5,"F","T",0,30.379999,,,"KCOS 131354Z 11005KT 10SM CLR 19/13 A3038 ","FATL",0,0,0,1,0,0,0,1,"N",,,,,,"07/29/26 18:00:29","kaij","VMC",,39.2286,-104.8872
"20260715203400","GAA26WA253","ACC","04/07/26 00:00:00","Tu",925,,"Hwange","OF","ZW",,2026,4,,,,,,,,,0,,,,,,0,,,0,,,,0,0,,,,,0,0,0,"U",,"F","F",0,0,,,,"NONE",,,,0,0,3,0,3,"O",,,,,,"07/29/26 19:35:13","kelz",,,,
"20260402202748","GAA26WA149","ACC","04/02/26 00:00:00","Th",334,"UTC","Coron","OF","PH",,2026,4,,,,,,,,,0,,,,,,0,,,0,,,,0,0,,,,,0,0,0,"U",,"F","F",0,0,,,,"FATL",,,,2,0,0,0,2,"O",,,,,,"07/29/26 19:35:37","kelz",,,,
"20260317202657","GAA26WA131","INC","02/04/26 00:00:00","We",1934,"UTC","OF",,"AU",,2026,2,,,,,,,,,0,,,,,,0,,,0,,,,0,0,,,,,0,0,0,"U",,"F","F",0,0,,,,"MINR",,,,0,1,0,0,1,"O",,,,,,"07/29/26 19:35:47","kelz",,,,
"20260224202489","GAA26WA114","ACC","01/25/26 00:00:00","Su",922,"UTC","Hamilton Island",,"AU",,2026,1,,,,,,,,,0,,,,,,0,,,0,,,,0,0,,,,,0,0,0,"U",,"F","F",0,0,,,,,,,,0,0,0,0,,"O",,,,,,"07/29/26 19:35:58","kelz",,,,
"20260130202363","GAA25WA283","ACC","09/19/25 00:00:00","Fr",,,"Singapore",,"SG",,2025,9,,,"001251N","0103524E",,,,,0,,,,,,0,,,0,,,,0,0,,,,,0,0,0,"U",,"F","F",0,0,,,,,,,,0,0,0,0,,"O",,,,,,"07/29/26 19:36:06","dobn",,,1.416944,103.867778
"20260127202345","GAA26WA081","ACC","12/12/25 00:00:00","Fr",1832,,"BIBI","OF","JP",,2025,12,,,,,,,,,0,,,,,,0,,,0,,,,0,0,,,,,0,0,0,"U",,"F","F",0,0,,,,,,,,0,0,0,0,,"O",,,,,,"07/29/26 19:36:13","kelz",,,,
"20251119202025","GAA26WA030","ACC","11/18/25 00:00:00","Tu",1013,,"Yame City","OF","JP",,2025,11,,,,,,,,,0,,,,,,0,,,0,,,,0,0,,,,,0,0,0,"U",,"F","F",0,0,,,,"FATL",,,,3,0,0,0,3,"O",,,,,,"07/29/26 19:36:19","kelz",,,,
"20260723203444","ANC26LA075","ACC","07/20/26 00:00:00","Mo",1530,"UTC","Pell City","AL","USA","35054",2026,7,,,,,,,,,,,,,"WFAC",,74,,528,14,,"DAYL","CLER",,,"NONE",,,,,,0,"Y",,"T","T",0,,,,,"NONE",,,,0,0,2,0,2,"N",,,,,,"07/29/26 20:05:46","hoim","VMC",,,
"20260424202877","GAA26WA170","INC","04/01/26 00:00:00","We",1400,,"Bankstown","OF","AU",,2026,4,,,,,,,,,0,,,,,,0,,,0,,,,0,0,,,,,0,0,0,"U",,"F","F",0,0,,,,"NONE",,,,0,0,4,0,4,"O",,,,,,"07/29/26 20:10:16","kelz",,,,
"20260519203022","GAA26WA194","INC","12/14/25 00:00:00","Su",934,"UTC","Kano","OF","NG",,2025,12,,,,,,,,,0,,,,,,0,,,0,,,,0,0,,,,,0,0,0,"U",,"F","F",0,0,,,,"NONE",,,,0,0,10,0,10,"O",,,,,,"07/29/26 20:10:41","kelz",,,,
"20260624203239","GAA26WA224","ACC","06/05/26 00:00:00","Fr",1240,,"Be'er Sheva","OF","IL",,2026,6,,,,,,,,,0,,,,,,0,,,0,,,,0,0,,,,,0,0,0,"U",,"F","F",0,0,,,,"FATL",,,,1,0,19,0,20,"O",,,,,,"07/29/26 20:12:40","kelz",,,,
"20260715203394","GAA26WA251","ACC","07/14/26 00:00:00","Tu",1329,"UTC","British Columbia","OF","CA",,2026,7,,,"504400N",,,,,,0,,,,,,0,,,0,,,,0,0,,,,,0,0,0,"U",,"F","F",0,0,,,,"FATL",,,,2,0,0,0,2,"O",,,,,,"07/29/26 20:12:59","kelz",,,5044,
"20240611194444","GAA24WA184","ACC","06/09/24 00:00:00","Su",1106,,"Kagoshima",,"JP",,2024,6,,,,,,,,,0,,,,,,0,,,0,,,,0,0,,,,,0,0,0,"U",,"F","F",0,0,,,,"NONE",,,,0,0,2,0,2,"O",,,,,,"07/29/26 21:10:00","schl",,,,
"20260714203389","CEN26FA253","ACC","07/14/26 00:00:00","Tu",1505,"UTC","Fredericksburg","VA","USA","22408",2026,7,,,,,,,,,,,,,"WFAC",,225,,85,0,,"DAYL","CLER",,,"NONE",,,,,,0,"U",,"F","F",0,,,,,"FATL",0,0,0,1,0,0,0,1,"N",,,,,,"07/29/26 21:45:51","aguj","VMC",,,
"20250527200221","GAA25WA167","ACC","05/23/25 00:00:00","Fr",1830,"UTC","Pasaje","OF","EC",,2025,5,,,"003197S","0794632W",,,,"ONAP",0,,,,,,0,,,0,,,,0,0,,,,,0,0,0,"U",,"F","F",0,0,,,,"SERS",,,,0,0,0,1,1,"O",,,,,,"07/30/26 00:07:23","diad",,,-3.318611,-79.77555599999999
"20250218199717","GAA25WA094","ACC","02/07/25 00:00:00","Fr",720,"UTC","São Paulo city",,"BR",,2025,2,,,,,,,,,0,,,,,,0,,,0,,,,0,0,,,,,0,0,0,"U",,"F","F",0,0,,,,"FATL",,,,2,0,0,0,2,"O",,,,,,"07/30/26 00:08:19","schl",,,,
"20260720203417","ERA26LA273","ACC","07/15/26 00:00:00","We",1859,"UTC","Linneus","ME","USA","04730",2026,7,,,"004600N","0006800W","MEAS",,"85B","OFAP",0,,,,"WFAC",1500,51,"KHUL",480,11,,"DAYL","SCAT",8000,0,,,,10,79,48,280,"U",9,"F","F",18,29.530001,,,"METAR KHUL 151853Z AUTO 28009G18KT 10SM SCT080 26/09 A2953 RMK AO2 PK WND 27026/1832 SLP999 T02560089","MINR",0,0,0,0,1,0,0,1,"N",,,,,,"07/30/26 13:01:04","schl","VMC",,46,-68
"20260702203306","CEN26FA241","ACC","07/02/26 00:00:00","Th",452,"UTC","Lancaster","SC","USA","29720",2026,7,,,,,,,,,,,,,"WFAC",,281,,486,3,,"NITE","CLER",,,"NONE",,,,,,0,"U",,"F","F",0,,,,,"SERS",,,,0,0,0,2,2,"N",,,,,,"07/30/26 13:43:09","brajo","VMC",,,
"20260706203327","GAA26WA243","ACC","07/03/26 00:00:00","Fr",305,"UTC","Fujairah","OF","AE",,2026,7,,,,,,,,,0,,,,,,0,,,0,,,,0,0,,,,,0,0,0,"U",,"F","F",0,0,,,,"FATL",,,,2,0,0,0,2,"O",,,,,,"07/30/26 15:13:50","sime1",,,,
"20260706203321","GAA26WA239","ACC","06/24/26 00:00:00","We",230,"UTC","Muluckine","OF","AU",,2026,6,,,"313841S","1164310E",,,,,0,,,,,,0,,,0,,,,0,0,,,,,0,0,0,"U",,"F","F",0,0,,,,"FATL",,,,1,0,0,0,1,"O",,,,,,"07/30/26 15:14:39","sime1",,,-31.64485,116.71938
"20260624203240","GAA26WA225","ACC","06/11/26 00:00:00","Th",523,"UTC","Nadi","OF","FJ",,2026,6,,,,,,,,,0,,,,,,0,,,0,,,,0,0,,,,,0,0,0,"U",,"F","F",0,0,,,,"NONE",,,,0,0,1,0,1,"O",,,,,,"07/30/26 15:15:15","sime1",,,,
"20260519203019","GAA26WA193","ACC","05/10/26 00:00:00","Su",950,"UTC","Hammerstein","OF","NA",,2026,5,,,,,,,,,0,,,,,,0,,,0,,,,0,0,,,,,0,0,0,"U",,"F","F",0,0,,,,"FATL",,,,4,0,0,0,4,"O",,,,,,"07/30/26 15:15:49","sime1",,,,
"20260615203181","GAA26WA217","ACC","06/12/26 00:00:00","Fr",1520,,"6th of October City","OF","EG",,2026,6,,,,,,"6th of October City Airport","HEOC",,0,,,,,,0,,,0,,,,0,0,,,,,0,0,0,"U",,"F","F",0,0,,,,"FATL",,,,1,0,0,1,2,"O",,,,,,"07/30/26 15:20:08","sime1",,,,
"20260429202908","GAA26WA179","ACC","04/29/26 00:00:00","We",1410,,"Parafield","OF","AU",,2026,4,,,,,,,,,0,,,,,,0,,,0,,,,0,0,,,,,0,0,0,"U",,"F","F",0,0,,,,"FATL",,,3,2,0,0,0,5,"O",,,,,,"07/30/26 15:20:36","sime1",,,,
"20260408202780","GAA26WA154","ACC","03/19/26 00:00:00","Th",318,"UTC","Djugun","OF","AU",,2026,3,,,,,,,,,0,,,,,,0,,,0,,,,0,0,,,,,0,0,0,"U",,"F","F",0,0,,,,"SERS",,,,0,0,6,1,7,"O",,,,,,"07/30/26 15:21:03","sime1",,,,
"20260226202506","GAA26WA116","ACC","02/23/26 00:00:00","Mo",1404,"UTC","Gangnani",,"IN",,2026,2,,,,,,,,,0,,,,,,0,,,0,,,,0,0,,,,,0,0,0,"U",,"F","F",0,0,,,,,,,,0,0,0,0,,"O",,,,,,"07/30/26 15:21:31","sime1",,,,
"20260209202411","GAA26WA098","INC","01/18/26 00:00:00","Su",1424,"UTC","Mt Hotham Aerodrome",,"AU",,2026,1,,,,,,,,,0,,,,,,0,,,0,,,,0,0,,,,,0,0,0,"U",,"F","F",0,0,,,,,,,,0,0,0,0,,"O",,,,,,"07/30/26 15:23:10","sime1",,,,
"20251215202164","GAA26WA051","ACC","12/13/25 00:00:00","Sa",700,,"Ranana",,"NZ",,2025,12,,,,,,,,,0,,,,,,0,,,0,,,,0,0,,,,,0,0,0,"U",,"F","F",0,0,,,,"FATL",,,,2,0,0,0,2,"O",,,,,,"07/30/26 15:23:38","sime1",,,,
"20251029201934","GAA26WA015","ACC","10/28/25 00:00:00","Tu",830,,"Diani","OF","KE",,2025,10,,,,,,,,,0,,,,,,0,,,0,,,,0,0,,,,,0,0,0,"U",,"F","F",0,0,,,,"FATL",,,,1,0,10,0,11,"O",,,,,,"07/30/26 15:24:04","sime1",,,,
"20250512200144","GAA25WA156","ACC","05/05/25 00:00:00","Mo",830,,"Gangnani",,"IN",,2025,5,,,,,,,,,0,,,,,,0,,,0,,,,0,0,,,,,0,0,0,"U",,"F","F",0,0,,,,"FATL",,,,6,0,0,1,7,"O",,,,,,"07/30/26 15:24:46","sime1",,,,
"20260728203478","WPR26LA280","ACC","07/24/26 00:00:00","Fr",1511,"UTC","Glasgow","MT","USA","59230",2026,7,,,"481243N","0106356W","MEAS",,"GGW",,0,,,,"WFAC",853,275,"KGGW",2289,1,,"DAYL","CLER",0,0,"NONE",,,10,79,59,0,"U",,"F","F",0,29.790001,,,"KGGW 241453Z AUTO 00000KT 10SM CLR 26/15 A2979","MINR",,,,0,1,0,0,1,"N",,,,,,"07/30/26 15:45:43","blok","VMC",,48.212,-106.585
"20260715203405","WPR26LA261","ACC","07/14/26 00:00:00","Tu",1900,"UTC","Greenwater","WA","USA","98022",2026,7,,,"047036N","1213148W",,"Ranger Creek","21W","ONAP",0,,2650,,,,0,,,0,,,,0,0,,,,,0,0,0,"U",,"F","F",0,0,,,,"NONE",,,,0,0,2,0,2,"N",,,,,,"07/30/26 15:45:57","blok",,,47.01,-121.53
"20260715203404","WPR26LA260","ACC","07/14/26 00:00:00","Tu",1835,"UTC","Auburn","CA","USA","95602",2026,7,,,"385717N","0121454W",,"AUBURN MUNI","AUN","ONAP",0,88,1538,,"WFAC",1115,310,"KAUN",1531,0,,"DAYL","CLER",0,0,"NONE",,,9,91,59,0,"Y",,"T","T",0,30.040001,,,"METAR KAUN 141815Z AUTO VRB05KT 9SM CLR 33/15 A3004 RMK A01","MINR",,,,0,2,0,0,2,"N",,,,,,"07/30/26 16:06:56","cawj","VMC",,38.95482,-121.08172
"20260721203439","WPR26LA272","ACC","07/20/26 00:00:00","Mo",1715,"UTC","Metaline Falls","WA","USA","99153",2026,7,,,"485027N","0117172W",,"SULLIVAN LAKE STATE","09S","ONAP",0,0,2614,,"WFAC",1015,233,"K63S",1886,30,,"DAYL","CLER",0,0,"NONE",,,10,75,52,280,"U",4,"F","T",0,30.08,,,"METAR K63S 201715Z 28004KT 10SM CLR 24/11 A3008 RMK A01 PILOT CONTRLD LGHTING OUT OF SERVC- NOTAM 63S07/115. LIGHTS AVABL BY PRE-ARRNGMT","NONE",,,,0,0,1,0,1,"N",,,,,,"07/30/26 16:08:33","cawj","VMC",,48.840895,-117.28398
"20260730203490","CEN26LA274","ACC","07/29/26 00:00:00","We",1630,"UTC","Algona","IA","USA",,2026,7,,,,,,,,,,,,,,,0,,,0,,,,,,,,,,,,0,"U",,"F","F",0,,,,,"NONE",0,0,0,0,0,1,0,1,,,,,,,"07/30/26 17:17:54","abrl",,,,
"20251023201917","DCA26FA019","ACC","10/23/25 00:00:00","Th",1611,"UTC","Indiantown","FL","USA","34956",2025,10,,,"027154N","0802610W",,"INDIANTOWN","X58","ONAP",0,144,30,,"WFAC",747,52,"KSUA",18,15,,"DAYL","SCAT",2300,0,,,,10,77,73,320,"U",5,"F","T",0,30.02,,,"METAR KSUA 231147Z 32005KT 10SM SCT023 SCT035 25/23 A3002=","NONE",0,0,0,0,0,1,0,1,"N",,,,,,"07/30/26 18:00:00","warl","VMC",,27.031704,-80.436201
"20260219202454","CEN26LA119","ACC","02/19/26 00:00:00","Th",15,"UTC","Graford","TX","USA","76449",2026,2,,,"325736N","0981612W","MEAS","Private Airstrip","PVT","ONAP",0,,961,,"WFAC",1800,106,"MWL",942,13,,"DAYL","CLER",0,0,"NONE",,,10,72,34,190,"U",12,"F","T",0,29.639999,,,"METAR KMWL 182353Z AUTO 19012KT 10SM CLR 22/01 A2964 RMK AO2 SLP029 T02220006 10261 20211 56021","NONE",0,0,0,0,0,1,0,1,"N",,,,,,"07/30/26 18:00:01","coln","VMC",,32.96,-98.27
"20260330202723","CEN26LA152","ACC","03/29/26 00:00:00","Su",1815,"UTC","Boulder","CO","USA","80301",2026,3,,,"040222N","1051334W","MEAS","BOULDER MUNI","BDU","ONAP",0.1,229,5288,,"WFAC",1215,132,"KBDU",5289,1,,"DAYL","CLER",0,0,"NONE",,,10,75,23,280,"U",10,"F","F",19,30.030001,,,"METAR KBDU 291815Z AUTO 28010G19KT 10SM CLR 24/M05 A3003 RMK AO2=","NONE",0,0,0,0,0,2,0,2,"N",,,,,,"07/30/26 18:00:02","coln","VMC",,40.039365,-105.22609
"20260402202744","ERA26LA157","ACC","03/31/26 00:00:00","Tu",2330,"UTC","Mount Pleasant","SC","USA","29466",2026,3,,,"324926N","0794824W","MEAS","RAVEN'S RUN","SC65","ONAP",0,0,8,,"WFAC",1935,15,"KLRO",14,5,,"NITE","CLER",0,0,"NONE",,,8,68,64,150,"U",7,"F","T",0,30.24,,,"	
METAR KLRO 312335Z AUTO 15007KT 8SM CLR 20/18 A3024 RMK AO2=","NONE",0,0,0,0,0,3,0,3,"N",,,,,,"07/30/26 18:00:03","coln","VMC",,32.823786,-79.806749
"20260407202771","CEN26LA161","ACC","04/07/26 00:00:00","Tu",100,"UTC","Seguin","TX","USA","78155",2026,4,,,"029369N","0975926W",,"HUBER AIRPARK CIVIC CLUB LLC","E70","ONAP",0,169,556,,,1951,336,"KBAZ",648,7,,"DUSK","CLER",0,0,"NONE",,,10,66,37,40,"U",6,"F","T",0,30.129999,,,"METAR KBAZ 070051Z AUTO 04006KT 10SM CLR 19/03 A3013 RMK AO2 SLP199 T01890033=","NONE",0,0,0,0,0,2,0,2,"N",,,,,,"07/30/26 18:00:03","coln","VMC",,29.602406,-97.99056299999999
"20260415202827","CEN26LA166","ACC","04/09/26 00:00:00","Th",1518,"UTC","Colorado Springs","CO","USA",,2026,4,,,"384910N","1044238W",,"Colorado Springs","COS","ONAP",0,,6200,,"WFAC",1054,122,"KCOS",6182,1,,"DAYL","FEW",10000,0,,,,10,66,21,0,"U",,"F","F",0,30.08,,,"	
METAR KCOS 091654Z 00000KT 10SM FEW100 SCT160 SCT250 19/M06 A3008 RMK AO2 SLP125 T01941056=","NONE",,,,0,0,1,0,1,"N",,,,,,"07/30/26 18:00:04","coln","VMC",,38.819389,-104.71061
"20260427202900","WPR26LA167","ACC","04/24/26 00:00:00","Fr",2145,"UTC","Crownpoint","NM","USA","87313",2026,4,,,"035413N","0108918W","MEAS",,"0E8","OFAP",0,,,,"WFAC",1553,252,"KGUP",6464,33,,"DAYL","CLER",0,0,"NONE",,,10,68,7,230,"U",23,"F","F",34,29.889999,,,"METAR KGUP 242153Z AUTO 23023G34KT 10SM CLR 20/M14 A2989 RMK AO2 PK WND 23034/2152 SLP047 T02001139=","NONE",,,,0,0,1,0,1,"N",,,,,,"07/30/26 18:00:05","salf","VMC",,35.684199,-108.15498
"20260429202909","WPR26LA171","ACC","04/25/26 00:00:00","Sa",1845,"UTC","Redding","CA","USA","96001",2026,4,,,"403425N","1222426W",,"BENTON FLD","O85","ONAP",0,86,723,,"WFAC",1200,124,"KRDD",502,6,,"DAYL","CLER",0,0,"NONE",,,10,66,45,170,"U",4,"F","T",0,29.889999,,,"METAR KRDD 241853Z 17004KT 10SM CLR 19/07 A2989 RMK AO2 SLP118 T01940072","NONE",,,,0,0,1,0,1,"N",,,,,,"07/30/26 18:00:05","coln","VMC",,40.57368,-122.40733
"20260501202916","ERA26LA194","ACC","04/30/26 00:00:00","Th",706,"UTC","Chapmansboro","TN","USA","37035",2026,4,,,"362027N","0087100W",,,,"OFAP",0,,,,"WFAC",200,125,"KJWN",495,17,,"NITE","FEW",3900,0,,,,10,54,46,360,"U",5,"F","T",0,29.950001,,,"METAR KJWN 300655Z AUTO 36005KT 10SM FEW039 FEW046 12/08 A2995 RMK AO2","NONE",0,0,0,0,0,4,0,4,"N",,,,,,"07/30/26 18:00:05","coln","VMC",,36.340755,-87.16658
"20260511202961","ERA26LA203","ACC","04/12/26 00:00:00","Su",2246,"UTC","Lutz","FL","USA","33559",2026,4,,,"281313N","0822225W","MEAS","TAMPA NORTH AERO PARK","X39","ONAP",0,141,68,,"WFAC",1846,88,"ZPH",90,13,,"DAYL","CLER",0,0,,,,,79,52,90,"U",10,"F","T",0,3025,,,"	
METAR KZPH 122255Z AUTO 09010KT 10SM CLR 26/11 A3025 ","NONE",0,0,0,0,0,2,0,2,"N",,,,,,"07/30/26 18:00:06","coln","VMC",,28.220267,-82.37362299999999
"20260512202970","WPR26LA180","ACC","05/10/26 00:00:00","Su",1814,"UTC","Marysvale","UT","USA","84750",2026,5,,,"038301N","0112834W","MEAS","Draw on the west side of mount","None","OFAP",0,,7890,,"WFAC",1152,264,"MLF",5031,41,,"DAYL","CLER",0,0,"NONE",,,10,75,7,20,"U",10,"F","F",20,30.200001,,,"METAR KMLF 101752Z AUTO 02010G20KT 10SM CLR 24/M14 A3020 RMK AO2 SLP174 T02441139 10250 20028 56 ","SERS",,,,0,1,0,1,2,"N",,,,,,"07/30/26 18:00:06","coln","VMC",,38.500384,-112.14264
"20260515202998","WPR26LA187","ACC","05/12/26 00:00:00","Tu",2350,"UTC","Sedona","AZ","USA","86336",2026,5,,,"345055N","1114718W",,"Sedona Airport","KSEZ","ONAP",0,,4831,,"WFAC",1635,72,"KSEZ",4827,0,,"DAYL","CLER",0,0,"NONE",,,10,91,23,210,"U",12,"F","F",23,30.1,,,"METAR KSEZ 122335Z AUTO 21012G23KT 180V240 10SM CLR 33/M05 A3010 RMK AO2","NONE",,,,0,0,2,0,2,"N",,,,,,"07/30/26 18:00:06","coln","VMC",,34.848589,-111.78844
"20260515202999","WPR26LA188","ACC","05/14/26 00:00:00","Th",2030,"UTC","Twin Falls","ID","USA","83301",2026,5,,,"422855N","1142916W",,"JOSLIN FLD/MAGIC VALLEY RGNL","TWF","ONAP",0,92,4153,,"WFAC",1453,116,"KTWF",4166,1,,"DAYL","CLER",0,0,"NONE",,,10,66,27,320,"U",11,"F","F",17,30.059999,,,"METAR KTWF 142053Z 32011G17KT 10SM CLR 19/M03 A3006 RMK AO2 SLP146 T01941028 58022=","MINR",,,,0,1,0,0,1,"N",,,,,,"07/30/26 18:00:07","kelz","VMC",,42.481809,-114.48773
"20260518203005","CEN26LA188","ACC","05/13/26 00:00:00","We",1942,"UTC","Corpus Christi","TX","USA","78406",2026,5,,,"274627N","0972947W",,"Corpus Christi International A","CRP","ONAP",0.43000001,90,46,,"WFAC",1451,266,"KCRP",41,1,,"DAYL","FEW",3700,0,,,,10,88,64,60,"U",7,"F","T",0,30.049999,,,"KCRP 131951Z 06007KT 10SM FEW037 FEW050 31/18 A3005 RMK AO2 SLP173 T03060178
","NONE",0,0,0,0,0,1,0,1,"N",,,,,,"07/30/26 18:00:07","hodm","VMC",,27.774064,-97.496256
"20260519203017","ERA26LA210","ACC","05/15/26 00:00:00","Fr",1246,"UTC","Athens","GA","USA","30605",2026,5,,,"335656N","0832013W","MEAS","ATHENS/BEN EPPS","AHN","ONAP",0,154,812,,"WFAC",900,235,"AHN",802,0,,"DAYL","CLER",0,0,"NONE",,,10,57,43,90,"U",6,"F","T",0,30.15,,,"METAR KAHN 151251Z 09006KT 10SM CLR 14/06 A3015 RMK AO2 SLP208 T01390056","NONE",0,0,0,0,0,1,0,1,"N",,,,,,"07/30/26 18:00:08","coln","VMC",,33.948917,-83.33705999999999
"20260521203036","CEN26LA194","ACC","05/20/26 00:00:00","We",2303,"UTC","Hutchinson","KS","USA","67501",2026,5,,,"038339N","0975547W","MEAS","Hutchinson Regional Airport","HUT","OFAP",2.2,290,1542,,"WFAC",1752,82,"HUT",1520,3,,"DAYL",,0,4200,"OVC",,,10,64,45,110,"U",11,"F","T",0,30.120001,,,"KHUT 202252Z 11011KT 10SM OVC042 18/07 A3012","NONE",0,0,0,0,0,2,0,2,"N",,,,,,"07/30/26 18:00:08","coln","VMC",,38.0608,-97.9298
"20260528203065","ERA26LA218","ACC","05/27/26 00:00:00","We",1808,"UTC","Birmingham","AL","USA","35212",2026,5,,,"333353N","0864519W","MEAS","BIRMINGHAM-SHUTTLESWORTH INTL","BHM","ONAP",0,290,650,,"WFAC",1309,88,"BHM",616,1,,"DAYL",,0,3300,"BKN",,,0.75,81,72,180,"U",7,"F","T",0,30.059999,,,"SPECI KBHM 271809Z 18007KT 100V210 3/4SM +TSRA BR BKN033CB 27/22 A3006      RMK AO2 RAB00 TSB1758 OCNL LTGCG S TS S MOV NE CB DSNT SE-SW      MOV NE TCU OHD AND NE-SE-SW P0003 T02720222 RVRNO ","NONE",,0,,0,0,14,0,14,"N",,,,,,"07/30/26 18:00:08","coln","IMC",,33.564773,-86.755151
"20260528203067","CEN26LA200","ACC","05/27/26 00:00:00","We",2000,"UTC","Naubinway","MI","USA","49762",2026,5,,,"046744N","0852759W",,"HIAWATHA SPORTSMANS CLUB AIRPO","MI69","ONAP",0.1,157,673,,"WFAC",1535,2,"KERY",923,11,,"DAYL","CLER",0,0,"NONE",,,10,73,43,350,"U",12,"F","F",16,30.049999,,,"METAR KERY 271935Z AUTO 35012G16KT 10SM CLR 23/06 A3005 RMK AO2","MINR",0,0,0,0,1,0,0,1,"N",,,,,,"07/30/26 18:00:09","rutb","VMC",,46.12901,-85.46638
"20260529203077","ERA26LA220","ACC","05/28/26 00:00:00","Th",1800,"UTC","Chesapeake","VA","USA","23321",2026,5,,,"364651N","0076275W",,"HAMPTON ROADS EXEC","PVG","ONAP",1,0,28,,"WFAC",1400,25,"PVG",23,0,,"DAYL","FEW",5000,0,,,,10,82,64,0,"Y",3,"T","F",0,29.9,,,"METAR KPVG 281755Z VRB03KT 10SM FEW050 28/18 A2990 RMK AO2 SLP299 61000 10280 20220 57003 PWINO FZRANO RVRNO","NONE",0,0,0,0,0,1,0,1,"N",,,,,,"07/30/26 18:00:09","coln","VMC",,36.780765,-76.45128
"20260529203080","CEN26LA205","ACC","05/13/26 00:00:00","We",1730,"UTC","Conroe","TX","USA","77301",2026,5,,,"301843N","0952722W","MEAS","Conroe North Houston Regional ","CXO","ONAP",0.5,193,245,,"WFAC",1239,34,"KCXO",228,4,,"DAYL","FEW",5000,0,,,,10,84,61,0,"Y",,"T","T",0,30.1,,,"KCXO 131739Z VRB03KT 10SM FEW050 29/16 A3010","NONE",0,0,0,0,0,2,0,2,"N",,,,,,"07/30/26 18:00:10","coln","VMC",,30.311876,-95.45605500000001
"20260529203081","CEN26LA206","ACC","05/29/26 00:00:00","Fr",1730,"UTC","Bartlesville","OK","USA","74003",2026,5,,,"364548N","0096040W",,"Bartlesville Municipal Airport","BVO","ONAP",0,,717,,"WFAC",1200,331,"KBVO",690,0,,"DAYL",,0,1300,"OVC",,,10,75,70,170,"U",4,"F","T",0,29.940001,,,"METAR KBVO 291653Z AUTO 17004KT 10SM OVC013 24/21 A2994 RMK AO2 SLP127 T02440211","NONE",0,0,0,0,0,1,0,1,"N",,,,,,"07/30/26 18:00:10","coln","VMC",,36.763361,-96.011194
"20260602203103","CEN26LA215","ACC","05/31/26 00:00:00","Su",2128,"UTC","Sheridan","AR","USA","72150",2026,5,,,"341939N","0092215W",,"Sheridan-Grant County Regional","9M8","OFAP",0.89999998,90,236,,"WFAC",1553,284,"KHOT",505,38,,"DAYL","FEW",4400,0,,,,10,93,73,210,"U",5,"F","T",0,29.92,,,"METAR KHOT 312053Z AUTO 21005KT 10SM FEW044 34/23 A2992 RMK AO2 SLP123 T03440228 56016=","NONE",0,0,0,0,0,2,0,2,"N",,,,,,"07/30/26 18:00:10","coln","VMC",,34.327528,-92.351333
"20260609203147","ERA26LA234","ACC","06/08/26 00:00:00","Mo",1915,"UTC","Mayesville","SC","USA","29104",2026,6,,,"335925N","0080827W","MEAS",,,"OFAP",0,,,,"WFAC",1535,273,"SMS",181,11,,"DAYL","CLER",0,0,"NONE",,,10,91,72,120,"U",4,"F","T",0,30.1,,,"METAR KSMS 081935Z AUTO 12004KT 10SM CLR 33/22 A3010 RMK AO2","SERS",0,0,0,0,0,0,1,1,"N",,,,,,"07/30/26 18:00:11","coln","VMC",,33.990192,-80.140765
"20260609203150","ERA26LA235","ACC","05/23/26 00:00:00","Sa",1354,"UTC","Bartow","FL","USA","33830",2026,5,,,"275636N","0081471W","MEAS","BARTOW EXEC","BOW","ONAP",0,276,124,,"WFAC",935,4,"BOW",125,0,,"DAYL","SCAT",1700,0,,,,10,82,75,130,"U",9,"F","T",0,30.120001,,,"METAR KBOW 231335Z AUTO 13009KT 10SM SCT017 SCT024 28/24 A3012 RMK AO2 PWINO=","NONE",0,0,0,0,0,1,0,1,"N",,,,,,"07/30/26 18:00:11","coln","VMC",,27.943363,-81.783489
"20260714203390","WPR26LA256","ACC","07/10/26 00:00:00","Fr",1803,"UTC","Mojave","CA","USA","93501",2026,7,,,"035333N","0118855W","MEAS","Mojave Air and Space Port","MHV","ONAP",0,,2800,,,1055,352,"KMHV",2787,0,,"DAYL","FEW",36000,0,,,,10,97,37,300,"U",10,"F","T",0,29.92,,,"METAR KMHV 101755Z AUTO 30010KT 240V330 10SM FEW360 36/03 A2992 RMK AO2 T03600033 10360 20252 53003=","NONE",0,0,0,0,0,2,0,2,"N",,,,,,"07/30/26 18:00:11","stes-i","VMC",,35.059149,-118.14861
"20250207199662","ANC25MA018","ACC","02/06/25 00:00:00","Th",1520,"UTC","Nome","AK","USA","99762",2025,2,,,"064216N","1641651W","MEAS","N/A",,"OFAP",37,108,,,"WFAC",5,288,"PAOM",18,32,,"DAYL",,0,2700,"BKN",,,10,14,10,0,"U",0,"F","F",0,30.200001,,,"SPECI PAOM 070005Z 00000KT 10SM -SN BKN027
BKN035 OVC055 M10/M12 A3020","FATL",,0,,10,0,0,0,10,"N",,,,,,"07/30/26 18:43:06","rubp-c","VMC",,64.35166700000001,-164.28083
"20260728203476","ANC26FA077","ACC","07/28/26 00:00:00","Tu",545,"UTC","McCarthy","AK","USA","99566",2026,7,,,,,,,,,,,,,,,90,,,15,,,,,,,,,,,,0,"U",,"F","F",0,,,,,"NONE",,,,0,0,3,0,3,"N",,,,,,"07/31/26 00:45:51","rasm",,,,
"20260728203465","ERA26LA282","ACC","07/27/26 00:00:00","Mo",1550,"UTC","Sanford","ME","USA","04073",2026,7,,,,,,,,,,,,,"WFAC",,9,,244,0,,"DAYL","CLER",,,"NONE",,,,,,0,"U",,"F","F",0,,,,,"NONE",0,0,0,0,0,2,0,2,"N",,,,,,"07/31/26 15:07:51","waid","VMC",,,
"20260714203379","CEN26LA248","ACC","07/09/26 00:00:00","Th",2229,"UTC","Tulsa","OK","USA","74132",2026,7,,,"036220N","0095599W","MEAS",,"RVS",,0,,,,"WFAC",1700,314,"KRVS",620,0,,,"CLER",0,0,"NONE",,,10,97,73,200,"U",14,"F","F",24,29.84,,,"METAR KRVS 092153Z 20014G24KT 10SM CLR 36/23 A2984 RMK AO2 SLP103 T03610228","SERS",,,,0,0,0,2,2,"N",,,,,,"07/31/26 18:00:00","saua",,,36.038777,-95.985865
"20260731203496","GAA26WA267","ACC","07/29/26 00:00:00","We",1030,,"San Agustín","OF","AR",,2026,7,,,,,,,,,,,,,,,0,,,0,,,,,,,,,,,,0,"U",,"F","F",0,,,,,"FATL",,,,7,0,0,0,7,"O",,,,,,"07/31/26 19:21:30","haxm-c",,,,
"20260731203497","DCA26WA297","INC","07/11/26 00:00:00","Sa",908,"UTC","Barcelona",,"ES",,2026,7,,,,,,,,,,,,,,,0,,,0,,,,,,,,,,,,0,"U",,"F","F",0,,,,,,,,,0,0,0,0,,"O",,,,,,"07/31/26 19:56:52","mass2",,,,
"20230124106624","GAA23WA058","ACC","01/11/23 00:00:00","We",730,"UTC","Boa Vista","OF","BR",,2023,1,,,,,,,"SJ3M",,0,,,,,,0,,,0,,,,0,0,,,,,0,0,0,"U",,"F","F",0,0,,,,"SERS",,0,,0,1,0,1,2,"O",,,,,,"07/31/26 21:36:46","schl",,,,
